day:2024-01-01	278
day:2024-01-02	268
day:2024-01-03	289
day:2024-01-04	298
day:2024-01-05	300
day:2024-01-06	291
day:2024-01-07	292
day:2024-01-08	245
day:2024-01-09	293
day:2024-01-10	274
day:2024-01-11	306
day:2024-01-12	274
day:2024-01-13	278
day:2024-01-14	274
day:2024-01-15	249
day:2024-01-16	266
day:2024-01-17	268
day:2024-01-18	278
day:2024-01-19	267
day:2024-01-20	255
day:2024-01-21	288
day:2024-01-22	275
day:2024-01-23	242
day:2024-01-24	262
day:2024-01-25	282
day:2024-01-26	275
day:2024-01-27	266
day:2024-01-28	263
day:2024-01-29	256
day:2024-01-30	291
day:2024-01-31	286
day:2024-02-01	268
day:2024-02-02	317
day:2024-02-03	304
day:2024-02-04	261
day:2024-02-05	288
day:2024-02-06	291
day:2024-02-07	273
day:2024-02-08	272
day:2024-02-09	303
day:2024-02-10	271
day:2024-02-11	291
day:2024-02-12	261
day:2024-02-13	285
day:2024-02-14	278
day:2024-02-15	258
day:2024-02-16	272
day:2024-02-17	235
day:2024-02-18	291
day:2024-02-19	290
day:2024-02-20	297
day:2024-02-21	322
day:2024-02-22	268
day:2024-02-23	250
day:2024-02-24	270
day:2024-02-25	299
day:2024-02-26	268
day:2024-02-27	277
day:2024-02-28	288
day:2024-02-29	286
day:2024-03-01	254
day:2024-03-02	257
day:2024-03-03	261
day:2024-03-04	269
day:2024-03-05	243
day:2024-03-06	278
day:2024-03-07	273
day:2024-03-08	278
day:2024-03-09	301
day:2024-03-10	274
day:2024-03-11	297
day:2024-03-12	278
day:2024-03-13	270
day:2024-03-14	270
day:2024-03-15	286
day:2024-03-16	251
day:2024-03-17	305
day:2024-03-18	266
day:2024-03-19	271
day:2024-03-20	255
day:2024-03-21	302
day:2024-03-22	248
day:2024-03-23	281
day:2024-03-24	269
day:2024-03-25	248
day:2024-03-26	281
day:2024-03-27	285
day:2024-03-28	288
day:2024-03-29	279
day:2024-03-30	276
day:2024-03-31	245
day:2024-04-01	273
day:2024-04-02	288
day:2024-04-03	283
day:2024-04-04	283
day:2024-04-05	271
day:2024-04-06	292
day:2024-04-07	286
day:2024-04-08	264
day:2024-04-09	248
day:2024-04-10	310
day:2024-04-11	265
day:2024-04-12	285
day:2024-04-13	279
day:2024-04-14	280
day:2024-04-15	320
day:2024-04-16	258
day:2024-04-17	311
day:2024-04-18	302
day:2024-04-19	271
day:2024-04-20	282
day:2024-04-21	273
day:2024-04-22	258
day:2024-04-23	272
day:2024-04-24	273
day:2024-04-25	286
day:2024-04-26	278
day:2024-04-27	282
day:2024-04-28	310
day:2024-04-29	284
day:2024-04-30	282
day:2024-05-01	268
day:2024-05-02	282
day:2024-05-03	269
day:2024-05-04	281
day:2024-05-05	279
day:2024-05-06	251
day:2024-05-07	276
day:2024-05-08	253
day:2024-05-09	281
day:2024-05-10	277
day:2024-05-11	273
day:2024-05-12	275
day:2024-05-13	260
day:2024-05-14	251
day:2024-05-15	284
day:2024-05-16	265
day:2024-05-17	256
day:2024-05-18	262
day:2024-05-19	282
day:2024-05-20	269
day:2024-05-21	294
day:2024-05-22	251
day:2024-05-23	293
day:2024-05-24	278
day:2024-05-25	277
day:2024-05-26	289
day:2024-05-27	296
day:2024-05-28	274
day:2024-05-29	262
day:2024-05-30	249
day:2024-05-31	277
day:2024-06-01	280
day:2024-06-02	325
day:2024-06-03	300
day:2024-06-04	246
day:2024-06-05	263
day:2024-06-06	247
day:2024-06-07	270
day:2024-06-08	256
day:2024-06-09	293
day:2024-06-10	281
day:2024-06-11	287
day:2024-06-12	254
day:2024-06-13	261
day:2024-06-14	281
day:2024-06-15	303
day:2024-06-16	294
day:2024-06-17	246
day:2024-06-18	264
day:2024-06-19	257
day:2024-06-20	286
day:2024-06-21	253
day:2024-06-22	288
day:2024-06-23	289
day:2024-06-24	298
day:2024-06-25	289
day:2024-06-26	294
day:2024-06-27	248
day:2024-06-28	298
day:2024-06-29	264
hour:2024-01-01 00	5
hour:2024-01-01 01	4
hour:2024-01-01 02	2
hour:2024-01-01 03	3
hour:2024-01-01 04	6
hour:2024-01-01 05	6
hour:2024-01-01 06	4
hour:2024-01-01 07	5
hour:2024-01-01 08	14
hour:2024-01-01 09	24
hour:2024-01-01 10	23
hour:2024-01-01 11	16
hour:2024-01-01 12	15
hour:2024-01-01 13	14
hour:2024-01-01 14	15
hour:2024-01-01 15	18
hour:2024-01-01 16	21
hour:2024-01-01 17	18
hour:2024-01-01 18	15
hour:2024-01-01 19	14
hour:2024-01-01 20	18
hour:2024-01-01 21	9
hour:2024-01-01 22	4
hour:2024-01-01 23	5
hour:2024-01-02 00	5
hour:2024-01-02 01	4
hour:2024-01-02 02	3
hour:2024-01-02 03	6
hour:2024-01-02 04	5
hour:2024-01-02 05	3
hour:2024-01-02 06	8
hour:2024-01-02 07	3
hour:2024-01-02 08	21
hour:2024-01-02 09	10
hour:2024-01-02 10	18
hour:2024-01-02 11	13
hour:2024-01-02 12	17
hour:2024-01-02 13	22
hour:2024-01-02 14	15
hour:2024-01-02 15	11
hour:2024-01-02 16	19
hour:2024-01-02 17	17
hour:2024-01-02 18	11
hour:2024-01-02 19	24
hour:2024-01-02 20	19
hour:2024-01-02 21	5
hour:2024-01-02 22	5
hour:2024-01-02 23	4
hour:2024-01-03 00	3
hour:2024-01-03 01	7
hour:2024-01-03 02	6
hour:2024-01-03 03	3
hour:2024-01-03 04	1
hour:2024-01-03 05	5
hour:2024-01-03 06	3
hour:2024-01-03 07	6
hour:2024-01-03 08	20
hour:2024-01-03 09	16
hour:2024-01-03 10	21
hour:2024-01-03 11	23
hour:2024-01-03 12	18
hour:2024-01-03 13	15
hour:2024-01-03 14	23
hour:2024-01-03 15	22
hour:2024-01-03 16	13
hour:2024-01-03 17	23
hour:2024-01-03 18	11
hour:2024-01-03 19	18
hour:2024-01-03 20	23
hour:2024-01-03 21	1
hour:2024-01-03 22	2
hour:2024-01-03 23	6
hour:2024-01-04 00	3
hour:2024-01-04 01	8
hour:2024-01-04 02	6
hour:2024-01-04 03	6
hour:2024-01-04 04	5
hour:2024-01-04 05	4
hour:2024-01-04 06	4
hour:2024-01-04 07	6
hour:2024-01-04 08	18
hour:2024-01-04 09	26
hour:2024-01-04 10	18
hour:2024-01-04 11	12
hour:2024-01-04 12	22
hour:2024-01-04 13	21
hour:2024-01-04 14	18
hour:2024-01-04 15	16
hour:2024-01-04 16	21
hour:2024-01-04 17	15
hour:2024-01-04 18	20
hour:2024-01-04 19	17
hour:2024-01-04 20	19
hour:2024-01-04 21	3
hour:2024-01-04 22	7
hour:2024-01-04 23	3
hour:2024-01-05 00	1
hour:2024-01-05 01	7
hour:2024-01-05 02	6
hour:2024-01-05 03	6
hour:2024-01-05 04	3
hour:2024-01-05 05	6
hour:2024-01-05 06	4
hour:2024-01-05 07	8
hour:2024-01-05 08	21
hour:2024-01-05 09	19
hour:2024-01-05 10	16
hour:2024-01-05 11	26
hour:2024-01-05 12	22
hour:2024-01-05 13	21
hour:2024-01-05 14	21
hour:2024-01-05 15	16
hour:2024-01-05 16	19
hour:2024-01-05 17	15
hour:2024-01-05 18	17
hour:2024-01-05 19	13
hour:2024-01-05 20	20
hour:2024-01-05 21	7
hour:2024-01-05 23	6
hour:2024-01-06 00	8
hour:2024-01-06 01	3
hour:2024-01-06 02	5
hour:2024-01-06 03	4
hour:2024-01-06 04	1
hour:2024-01-06 05	4
hour:2024-01-06 06	3
hour:2024-01-06 07	3
hour:2024-01-06 08	16
hour:2024-01-06 09	13
hour:2024-01-06 10	20
hour:2024-01-06 11	24
hour:2024-01-06 12	16
hour:2024-01-06 13	14
hour:2024-01-06 14	24
hour:2024-01-06 15	22
hour:2024-01-06 16	16
hour:2024-01-06 17	28
hour:2024-01-06 18	16
hour:2024-01-06 19	23
hour:2024-01-06 20	17
hour:2024-01-06 21	2
hour:2024-01-06 22	5
hour:2024-01-06 23	4
hour:2024-01-07 00	4
hour:2024-01-07 01	7
hour:2024-01-07 02	3
hour:2024-01-07 03	6
hour:2024-01-07 04	4
hour:2024-01-07 05	4
hour:2024-01-07 06	4
hour:2024-01-07 07	3
hour:2024-01-07 08	19
hour:2024-01-07 09	23
hour:2024-01-07 10	24
hour:2024-01-07 11	20
hour:2024-01-07 12	16
hour:2024-01-07 13	20
hour:2024-01-07 14	19
hour:2024-01-07 15	19
hour:2024-01-07 16	19
hour:2024-01-07 17	18
hour:2024-01-07 18	16
hour:2024-01-07 19	19
hour:2024-01-07 20	19
hour:2024-01-07 21	3
hour:2024-01-07 22	2
hour:2024-01-07 23	1
hour:2024-01-08 00	3
hour:2024-01-08 01	2
hour:2024-01-08 02	4
hour:2024-01-08 03	5
hour:2024-01-08 04	2
hour:2024-01-08 05	3
hour:2024-01-08 06	3
hour:2024-01-08 07	4
hour:2024-01-08 08	15
hour:2024-01-08 09	13
hour:2024-01-08 10	12
hour:2024-01-08 11	12
hour:2024-01-08 12	18
hour:2024-01-08 13	20
hour:2024-01-08 14	10
hour:2024-01-08 15	18
hour:2024-01-08 16	14
hour:2024-01-08 17	15
hour:2024-01-08 18	22
hour:2024-01-08 19	15
hour:2024-01-08 20	20
hour:2024-01-08 21	4
hour:2024-01-08 22	6
hour:2024-01-08 23	5
hour:2024-01-09 00	3
hour:2024-01-09 01	5
hour:2024-01-09 02	8
hour:2024-01-09 03	6
hour:2024-01-09 04	4
hour:2024-01-09 05	8
hour:2024-01-09 06	4
hour:2024-01-09 07	3
hour:2024-01-09 08	22
hour:2024-01-09 09	13
hour:2024-01-09 10	19
hour:2024-01-09 11	20
hour:2024-01-09 12	19
hour:2024-01-09 13	18
hour:2024-01-09 14	22
hour:2024-01-09 15	25
hour:2024-01-09 16	15
hour:2024-01-09 17	15
hour:2024-01-09 18	14
hour:2024-01-09 19	12
hour:2024-01-09 20	20
hour:2024-01-09 21	5
hour:2024-01-09 22	3
hour:2024-01-09 23	10
hour:2024-01-10 00	4
hour:2024-01-10 01	3
hour:2024-01-10 02	5
hour:2024-01-10 03	2
hour:2024-01-10 04	7
hour:2024-01-10 05	1
hour:2024-01-10 06	1
hour:2024-01-10 07	1
hour:2024-01-10 08	19
hour:2024-01-10 09	15
hour:2024-01-10 10	24
hour:2024-01-10 11	19
hour:2024-01-10 12	20
hour:2024-01-10 13	14
hour:2024-01-10 14	24
hour:2024-01-10 15	13
hour:2024-01-10 16	21
hour:2024-01-10 17	19
hour:2024-01-10 18	13
hour:2024-01-10 19	26
hour:2024-01-10 20	9
hour:2024-01-10 21	3
hour:2024-01-10 22	9
hour:2024-01-10 23	2
hour:2024-01-11 01	4
hour:2024-01-11 02	1
hour:2024-01-11 03	8
hour:2024-01-11 04	3
hour:2024-01-11 05	1
hour:2024-01-11 06	11
hour:2024-01-11 07	3
hour:2024-01-11 08	14
hour:2024-01-11 09	22
hour:2024-01-11 10	17
hour:2024-01-11 11	18
hour:2024-01-11 12	30
hour:2024-01-11 13	20
hour:2024-01-11 14	22
hour:2024-01-11 15	35
hour:2024-01-11 16	19
hour:2024-01-11 17	10
hour:2024-01-11 18	17
hour:2024-01-11 19	18
hour:2024-01-11 20	17
hour:2024-01-11 21	7
hour:2024-01-11 22	5
hour:2024-01-11 23	4
hour:2024-01-12 00	6
hour:2024-01-12 01	3
hour:2024-01-12 02	9
hour:2024-01-12 03	2
hour:2024-01-12 04	8
hour:2024-01-12 05	2
hour:2024-01-12 06	6
hour:2024-01-12 07	4
hour:2024-01-12 08	17
hour:2024-01-12 09	15
hour:2024-01-12 10	14
hour:2024-01-12 11	20
hour:2024-01-12 12	13
hour:2024-01-12 13	16
hour:2024-01-12 14	15
hour:2024-01-12 15	22
hour:2024-01-12 16	17
hour:2024-01-12 17	22
hour:2024-01-12 18	19
hour:2024-01-12 19	12
hour:2024-01-12 20	19
hour:2024-01-12 21	4
hour:2024-01-12 22	5
hour:2024-01-12 23	4
hour:2024-01-13 00	4
hour:2024-01-13 01	5
hour:2024-01-13 02	4
hour:2024-01-13 03	4
hour:2024-01-13 04	6
hour:2024-01-13 05	4
hour:2024-01-13 06	8
hour:2024-01-13 07	5
hour:2024-01-13 08	18
hour:2024-01-13 09	14
hour:2024-01-13 10	15
hour:2024-01-13 11	27
hour:2024-01-13 12	12
hour:2024-01-13 13	14
hour:2024-01-13 14	19
hour:2024-01-13 15	20
hour:2024-01-13 16	21
hour:2024-01-13 17	11
hour:2024-01-13 18	17
hour:2024-01-13 19	24
hour:2024-01-13 20	17
hour:2024-01-13 21	1
hour:2024-01-13 22	3
hour:2024-01-13 23	5
hour:2024-01-14 00	6
hour:2024-01-14 01	3
hour:2024-01-14 02	5
hour:2024-01-14 03	3
hour:2024-01-14 04	6
hour:2024-01-14 05	2
hour:2024-01-14 06	4
hour:2024-01-14 07	3
hour:2024-01-14 08	13
hour:2024-01-14 09	25
hour:2024-01-14 10	14
hour:2024-01-14 11	12
hour:2024-01-14 12	20
hour:2024-01-14 13	20
hour:2024-01-14 14	19
hour:2024-01-14 15	17
hour:2024-01-14 16	17
hour:2024-01-14 17	19
hour:2024-01-14 18	20
hour:2024-01-14 19	21
hour:2024-01-14 20	14
hour:2024-01-14 21	5
hour:2024-01-14 22	2
hour:2024-01-14 23	4
hour:2024-01-15 00	2
hour:2024-01-15 01	3
hour:2024-01-15 02	4
hour:2024-01-15 03	3
hour:2024-01-15 04	5
hour:2024-01-15 05	3
hour:2024-01-15 06	4
hour:2024-01-15 07	3
hour:2024-01-15 08	12
hour:2024-01-15 09	13
hour:2024-01-15 10	21
hour:2024-01-15 11	18
hour:2024-01-15 12	19
hour:2024-01-15 13	21
hour:2024-01-15 14	17
hour:2024-01-15 15	16
hour:2024-01-15 16	9
hour:2024-01-15 17	23
hour:2024-01-15 18	16
hour:2024-01-15 19	16
hour:2024-01-15 20	14
hour:2024-01-15 21	4
hour:2024-01-15 22	2
hour:2024-01-15 23	1
hour:2024-01-16 00	8
hour:2024-01-16 01	3
hour:2024-01-16 02	5
hour:2024-01-16 03	4
hour:2024-01-16 04	4
hour:2024-01-16 06	9
hour:2024-01-16 07	6
hour:2024-01-16 08	16
hour:2024-01-16 09	15
hour:2024-01-16 10	19
hour:2024-01-16 11	14
hour:2024-01-16 12	20
hour:2024-01-16 13	17
hour:2024-01-16 14	21
hour:2024-01-16 15	10
hour:2024-01-16 16	15
hour:2024-01-16 17	15
hour:2024-01-16 18	13
hour:2024-01-16 19	14
hour:2024-01-16 20	22
hour:2024-01-16 21	6
hour:2024-01-16 22	5
hour:2024-01-16 23	5
hour:2024-01-17 00	2
hour:2024-01-17 01	3
hour:2024-01-17 02	6
hour:2024-01-17 03	5
hour:2024-01-17 04	2
hour:2024-01-17 05	5
hour:2024-01-17 06	4
hour:2024-01-17 08	12
hour:2024-01-17 09	16
hour:2024-01-17 10	17
hour:2024-01-17 11	13
hour:2024-01-17 12	18
hour:2024-01-17 13	24
hour:2024-01-17 14	16
hour:2024-01-17 15	23
hour:2024-01-17 16	9
hour:2024-01-17 17	12
hour:2024-01-17 18	25
hour:2024-01-17 19	21
hour:2024-01-17 20	21
hour:2024-01-17 21	4
hour:2024-01-17 22	5
hour:2024-01-17 23	5
hour:2024-01-18 00	3
hour:2024-01-18 01	5
hour:2024-01-18 02	2
hour:2024-01-18 03	7
hour:2024-01-18 04	2
hour:2024-01-18 05	6
hour:2024-01-18 06	6
hour:2024-01-18 07	3
hour:2024-01-18 08	22
hour:2024-01-18 09	21
hour:2024-01-18 10	14
hour:2024-01-18 11	24
hour:2024-01-18 12	13
hour:2024-01-18 13	14
hour:2024-01-18 14	17
hour:2024-01-18 15	27
hour:2024-01-18 16	20
hour:2024-01-18 17	14
hour:2024-01-18 18	11
hour:2024-01-18 19	18
hour:2024-01-18 20	10
hour:2024-01-18 21	7
hour:2024-01-18 22	5
hour:2024-01-18 23	7
hour:2024-01-19 00	8
hour:2024-01-19 01	4
hour:2024-01-19 02	4
hour:2024-01-19 03	6
hour:2024-01-19 04	7
hour:2024-01-19 05	3
hour:2024-01-19 06	4
hour:2024-01-19 07	7
hour:2024-01-19 08	14
hour:2024-01-19 09	13
hour:2024-01-19 10	23
hour:2024-01-19 11	11
hour:2024-01-19 12	11
hour:2024-01-19 13	21
hour:2024-01-19 14	18
hour:2024-01-19 15	17
hour:2024-01-19 16	21
hour:2024-01-19 17	19
hour:2024-01-19 18	15
hour:2024-01-19 19	16
hour:2024-01-19 20	17
hour:2024-01-19 21	1
hour:2024-01-19 22	3
hour:2024-01-19 23	4
hour:2024-01-20 00	8
hour:2024-01-20 01	4
hour:2024-01-20 02	6
hour:2024-01-20 03	1
hour:2024-01-20 04	1
hour:2024-01-20 05	3
hour:2024-01-20 06	4
hour:2024-01-20 07	9
hour:2024-01-20 08	15
hour:2024-01-20 09	21
hour:2024-01-20 10	19
hour:2024-01-20 11	17
hour:2024-01-20 12	17
hour:2024-01-20 13	15
hour:2024-01-20 14	15
hour:2024-01-20 15	14
hour:2024-01-20 16	18
hour:2024-01-20 17	15
hour:2024-01-20 18	13
hour:2024-01-20 19	11
hour:2024-01-20 20	21
hour:2024-01-20 21	4
hour:2024-01-20 22	2
hour:2024-01-20 23	2
hour:2024-01-21 00	4
hour:2024-01-21 01	5
hour:2024-01-21 02	4
hour:2024-01-21 03	7
hour:2024-01-21 04	8
hour:2024-01-21 05	6
hour:2024-01-21 06	5
hour:2024-01-21 07	5
hour:2024-01-21 08	15
hour:2024-01-21 09	15
hour:2024-01-21 10	16
hour:2024-01-21 11	16
hour:2024-01-21 12	18
hour:2024-01-21 13	19
hour:2024-01-21 14	22
hour:2024-01-21 15	14
hour:2024-01-21 16	21
hour:2024-01-21 17	22
hour:2024-01-21 18	14
hour:2024-01-21 19	17
hour:2024-01-21 20	14
hour:2024-01-21 21	9
hour:2024-01-21 22	6
hour:2024-01-21 23	6
hour:2024-01-22 00	4
hour:2024-01-22 01	2
hour:2024-01-22 02	5
hour:2024-01-22 03	7
hour:2024-01-22 04	7
hour:2024-01-22 05	8
hour:2024-01-22 06	7
hour:2024-01-22 07	6
hour:2024-01-22 08	11
hour:2024-01-22 09	16
hour:2024-01-22 10	18
hour:2024-01-22 11	18
hour:2024-01-22 12	17
hour:2024-01-22 13	20
hour:2024-01-22 14	13
hour:2024-01-22 15	19
hour:2024-01-22 16	19
hour:2024-01-22 17	14
hour:2024-01-22 18	13
hour:2024-01-22 19	25
hour:2024-01-22 20	15
hour:2024-01-22 21	1
hour:2024-01-22 22	5
hour:2024-01-22 23	5
hour:2024-01-23 00	3
hour:2024-01-23 01	8
hour:2024-01-23 02	2
hour:2024-01-23 03	8
hour:2024-01-23 04	1
hour:2024-01-23 05	1
hour:2024-01-23 06	5
hour:2024-01-23 07	3
hour:2024-01-23 08	15
hour:2024-01-23 09	15
hour:2024-01-23 10	17
hour:2024-01-23 11	16
hour:2024-01-23 12	19
hour:2024-01-23 13	15
hour:2024-01-23 14	15
hour:2024-01-23 15	13
hour:2024-01-23 16	13
hour:2024-01-23 17	14
hour:2024-01-23 18	18
hour:2024-01-23 19	14
hour:2024-01-23 20	16
hour:2024-01-23 21	3
hour:2024-01-23 22	3
hour:2024-01-23 23	5
hour:2024-01-24 00	6
hour:2024-01-24 01	6
hour:2024-01-24 02	8
hour:2024-01-24 03	6
hour:2024-01-24 04	7
hour:2024-01-24 05	1
hour:2024-01-24 06	3
hour:2024-01-24 07	2
hour:2024-01-24 08	16
hour:2024-01-24 09	20
hour:2024-01-24 10	15
hour:2024-01-24 11	12
hour:2024-01-24 12	16
hour:2024-01-24 13	14
hour:2024-01-24 14	18
hour:2024-01-24 15	22
hour:2024-01-24 16	19
hour:2024-01-24 17	14
hour:2024-01-24 18	13
hour:2024-01-24 19	23
hour:2024-01-24 20	9
hour:2024-01-24 21	2
hour:2024-01-24 22	7
hour:2024-01-24 23	3
hour:2024-01-25 00	7
hour:2024-01-25 01	5
hour:2024-01-25 02	3
hour:2024-01-25 03	6
hour:2024-01-25 04	6
hour:2024-01-25 05	3
hour:2024-01-25 06	6
hour:2024-01-25 07	3
hour:2024-01-25 08	20
hour:2024-01-25 09	22
hour:2024-01-25 10	26
hour:2024-01-25 11	14
hour:2024-01-25 12	12
hour:2024-01-25 13	21
hour:2024-01-25 14	20
hour:2024-01-25 15	9
hour:2024-01-25 16	10
hour:2024-01-25 17	13
hour:2024-01-25 18	19
hour:2024-01-25 19	21
hour:2024-01-25 20	20
hour:2024-01-25 21	4
hour:2024-01-25 22	9
hour:2024-01-25 23	3
hour:2024-01-26 00	7
hour:2024-01-26 01	10
hour:2024-01-26 02	4
hour:2024-01-26 03	6
hour:2024-01-26 04	3
hour:2024-01-26 05	8
hour:2024-01-26 06	4
hour:2024-01-26 07	3
hour:2024-01-26 08	15
hour:2024-01-26 09	19
hour:2024-01-26 10	22
hour:2024-01-26 11	15
hour:2024-01-26 12	8
hour:2024-01-26 13	20
hour:2024-01-26 14	16
hour:2024-01-26 15	14
hour:2024-01-26 16	13
hour:2024-01-26 17	17
hour:2024-01-26 18	21
hour:2024-01-26 19	21
hour:2024-01-26 20	23
hour:2024-01-26 21	4
hour:2024-01-26 23	2
hour:2024-01-27 00	5
hour:2024-01-27 01	1
hour:2024-01-27 02	8
hour:2024-01-27 03	8
hour:2024-01-27 04	5
hour:2024-01-27 05	3
hour:2024-01-27 06	4
hour:2024-01-27 07	4
hour:2024-01-27 08	10
hour:2024-01-27 09	24
hour:2024-01-27 10	18
hour:2024-01-27 11	22
hour:2024-01-27 12	16
hour:2024-01-27 13	15
hour:2024-01-27 14	17
hour:2024-01-27 15	15
hour:2024-01-27 16	18
hour:2024-01-27 17	14
hour:2024-01-27 18	20
hour:2024-01-27 19	16
hour:2024-01-27 20	14
hour:2024-01-27 21	6
hour:2024-01-27 22	2
hour:2024-01-27 23	1
hour:2024-01-28 00	2
hour:2024-01-28 01	7
hour:2024-01-28 02	3
hour:2024-01-28 03	6
hour:2024-01-28 04	4
hour:2024-01-28 05	2
hour:2024-01-28 06	6
hour:2024-01-28 07	6
hour:2024-01-28 08	13
hour:2024-01-28 09	18
hour:2024-01-28 10	14
hour:2024-01-28 11	11
hour:2024-01-28 12	16
hour:2024-01-28 13	17
hour:2024-01-28 14	19
hour:2024-01-28 15	18
hour:2024-01-28 16	24
hour:2024-01-28 17	12
hour:2024-01-28 18	12
hour:2024-01-28 19	14
hour:2024-01-28 20	24
hour:2024-01-28 21	8
hour:2024-01-28 22	6
hour:2024-01-28 23	1
hour:2024-01-29 00	1
hour:2024-01-29 01	5
hour:2024-01-29 02	3
hour:2024-01-29 04	2
hour:2024-01-29 05	8
hour:2024-01-29 06	3
hour:2024-01-29 07	5
hour:2024-01-29 08	15
hour:2024-01-29 09	17
hour:2024-01-29 10	19
hour:2024-01-29 11	17
hour:2024-01-29 12	19
hour:2024-01-29 13	17
hour:2024-01-29 14	16
hour:2024-01-29 15	15
hour:2024-01-29 16	16
hour:2024-01-29 17	15
hour:2024-01-29 18	12
hour:2024-01-29 19	22
hour:2024-01-29 20	20
hour:2024-01-29 21	2
hour:2024-01-29 22	5
hour:2024-01-29 23	2
hour:2024-01-30 00	5
hour:2024-01-30 01	3
hour:2024-01-30 02	6
hour:2024-01-30 03	2
hour:2024-01-30 04	5
hour:2024-01-30 05	4
hour:2024-01-30 06	8
hour:2024-01-30 07	3
hour:2024-01-30 08	19
hour:2024-01-30 09	17
hour:2024-01-30 10	16
hour:2024-01-30 11	27
hour:2024-01-30 12	9
hour:2024-01-30 13	23
hour:2024-01-30 14	14
hour:2024-01-30 15	27
hour:2024-01-30 16	22
hour:2024-01-30 17	22
hour:2024-01-30 18	16
hour:2024-01-30 19	16
hour:2024-01-30 20	14
hour:2024-01-30 21	5
hour:2024-01-30 22	5
hour:2024-01-30 23	3
hour:2024-01-31 00	3
hour:2024-01-31 01	9
hour:2024-01-31 02	7
hour:2024-01-31 03	1
hour:2024-01-31 04	5
hour:2024-01-31 05	4
hour:2024-01-31 06	1
hour:2024-01-31 07	5
hour:2024-01-31 08	21
hour:2024-01-31 09	15
hour:2024-01-31 10	23
hour:2024-01-31 11	16
hour:2024-01-31 12	22
hour:2024-01-31 13	26
hour:2024-01-31 14	15
hour:2024-01-31 15	23
hour:2024-01-31 16	17
hour:2024-01-31 17	19
hour:2024-01-31 18	11
hour:2024-01-31 19	20
hour:2024-01-31 20	14
hour:2024-01-31 21	1
hour:2024-01-31 22	3
hour:2024-01-31 23	5
hour:2024-02-01 00	2
hour:2024-02-01 01	4
hour:2024-02-01 02	3
hour:2024-02-01 03	3
hour:2024-02-01 04	3
hour:2024-02-01 05	6
hour:2024-02-01 06	2
hour:2024-02-01 07	1
hour:2024-02-01 08	16
hour:2024-02-01 09	19
hour:2024-02-01 10	14
hour:2024-02-01 11	19
hour:2024-02-01 12	15
hour:2024-02-01 13	22
hour:2024-02-01 14	19
hour:2024-02-01 15	22
hour:2024-02-01 16	19
hour:2024-02-01 17	9
hour:2024-02-01 18	22
hour:2024-02-01 19	17
hour:2024-02-01 20	17
hour:2024-02-01 21	5
hour:2024-02-01 22	7
hour:2024-02-01 23	2
hour:2024-02-02 00	3
hour:2024-02-02 01	9
hour:2024-02-02 02	8
hour:2024-02-02 03	4
hour:2024-02-02 04	7
hour:2024-02-02 05	3
hour:2024-02-02 06	4
hour:2024-02-02 07	1
hour:2024-02-02 08	22
hour:2024-02-02 09	28
hour:2024-02-02 10	17
hour:2024-02-02 11	14
hour:2024-02-02 12	16
hour:2024-02-02 13	25
hour:2024-02-02 14	21
hour:2024-02-02 15	16
hour:2024-02-02 16	16
hour:2024-02-02 17	18
hour:2024-02-02 18	20
hour:2024-02-02 19	25
hour:2024-02-02 20	23
hour:2024-02-02 21	3
hour:2024-02-02 22	8
hour:2024-02-02 23	6
hour:2024-02-03 00	5
hour:2024-02-03 01	4
hour:2024-02-03 02	8
hour:2024-02-03 03	2
hour:2024-02-03 04	6
hour:2024-02-03 05	6
hour:2024-02-03 06	8
hour:2024-02-03 07	5
hour:2024-02-03 08	22
hour:2024-02-03 09	13
hour:2024-02-03 10	24
hour:2024-02-03 11	18
hour:2024-02-03 12	16
hour:2024-02-03 13	15
hour:2024-02-03 14	22
hour:2024-02-03 15	26
hour:2024-02-03 16	19
hour:2024-02-03 17	23
hour:2024-02-03 18	17
hour:2024-02-03 19	16
hour:2024-02-03 20	13
hour:2024-02-03 21	4
hour:2024-02-03 22	6
hour:2024-02-03 23	6
hour:2024-02-04 00	7
hour:2024-02-04 01	3
hour:2024-02-04 02	3
hour:2024-02-04 03	6
hour:2024-02-04 04	5
hour:2024-02-04 05	2
hour:2024-02-04 06	2
hour:2024-02-04 07	1
hour:2024-02-04 08	18
hour:2024-02-04 09	15
hour:2024-02-04 10	22
hour:2024-02-04 11	15
hour:2024-02-04 12	20
hour:2024-02-04 13	17
hour:2024-02-04 14	18
hour:2024-02-04 15	23
hour:2024-02-04 16	15
hour:2024-02-04 17	13
hour:2024-02-04 18	21
hour:2024-02-04 19	12
hour:2024-02-04 20	12
hour:2024-02-04 21	4
hour:2024-02-04 22	3
hour:2024-02-04 23	4
hour:2024-02-05 00	7
hour:2024-02-05 01	3
hour:2024-02-05 02	3
hour:2024-02-05 03	1
hour:2024-02-05 04	8
hour:2024-02-05 05	5
hour:2024-02-05 06	3
hour:2024-02-05 07	6
hour:2024-02-05 08	20
hour:2024-02-05 09	13
hour:2024-02-05 10	26
hour:2024-02-05 11	19
hour:2024-02-05 12	16
hour:2024-02-05 13	18
hour:2024-02-05 14	25
hour:2024-02-05 15	20
hour:2024-02-05 16	18
hour:2024-02-05 17	18
hour:2024-02-05 18	16
hour:2024-02-05 19	16
hour:2024-02-05 20	11
hour:2024-02-05 21	6
hour:2024-02-05 22	7
hour:2024-02-05 23	3
hour:2024-02-06 00	9
hour:2024-02-06 01	2
hour:2024-02-06 02	7
hour:2024-02-06 03	3
hour:2024-02-06 04	5
hour:2024-02-06 05	13
hour:2024-02-06 06	3
hour:2024-02-06 07	6
hour:2024-02-06 08	15
hour:2024-02-06 09	20
hour:2024-02-06 10	21
hour:2024-02-06 11	10
hour:2024-02-06 12	19
hour:2024-02-06 13	11
hour:2024-02-06 14	20
hour:2024-02-06 15	17
hour:2024-02-06 16	19
hour:2024-02-06 17	19
hour:2024-02-06 18	16
hour:2024-02-06 19	15
hour:2024-02-06 20	24
hour:2024-02-06 21	7
hour:2024-02-06 22	6
hour:2024-02-06 23	4
hour:2024-02-07 00	7
hour:2024-02-07 01	3
hour:2024-02-07 02	6
hour:2024-02-07 03	5
hour:2024-02-07 04	2
hour:2024-02-07 05	3
hour:2024-02-07 06	8
hour:2024-02-07 07	5
hour:2024-02-07 08	21
hour:2024-02-07 09	12
hour:2024-02-07 10	13
hour:2024-02-07 11	19
hour:2024-02-07 12	14
hour:2024-02-07 13	22
hour:2024-02-07 14	19
hour:2024-02-07 15	9
hour:2024-02-07 16	14
hour:2024-02-07 17	17
hour:2024-02-07 18	16
hour:2024-02-07 19	22
hour:2024-02-07 20	14
hour:2024-02-07 21	6
hour:2024-02-07 22	5
hour:2024-02-07 23	11
hour:2024-02-08 00	6
hour:2024-02-08 01	8
hour:2024-02-08 02	5
hour:2024-02-08 03	4
hour:2024-02-08 04	3
hour:2024-02-08 05	5
hour:2024-02-08 06	4
hour:2024-02-08 07	3
hour:2024-02-08 08	13
hour:2024-02-08 09	16
hour:2024-02-08 10	20
hour:2024-02-08 11	12
hour:2024-02-08 12	21
hour:2024-02-08 13	12
hour:2024-02-08 14	21
hour:2024-02-08 15	26
hour:2024-02-08 16	19
hour:2024-02-08 17	17
hour:2024-02-08 18	10
hour:2024-02-08 19	11
hour:2024-02-08 20	22
hour:2024-02-08 21	5
hour:2024-02-08 22	5
hour:2024-02-08 23	4
hour:2024-02-09 00	3
hour:2024-02-09 01	7
hour:2024-02-09 02	5
hour:2024-02-09 03	6
hour:2024-02-09 04	4
hour:2024-02-09 05	5
hour:2024-02-09 06	4
hour:2024-02-09 07	3
hour:2024-02-09 08	14
hour:2024-02-09 09	17
hour:2024-02-09 10	22
hour:2024-02-09 11	24
hour:2024-02-09 12	15
hour:2024-02-09 13	21
hour:2024-02-09 14	24
hour:2024-02-09 15	17
hour:2024-02-09 16	21
hour:2024-02-09 17	17
hour:2024-02-09 18	28
hour:2024-02-09 19	14
hour:2024-02-09 20	18
hour:2024-02-09 21	4
hour:2024-02-09 22	4
hour:2024-02-09 23	6
hour:2024-02-10 00	7
hour:2024-02-10 01	3
hour:2024-02-10 02	3
hour:2024-02-10 03	3
hour:2024-02-10 04	8
hour:2024-02-10 05	3
hour:2024-02-10 06	8
hour:2024-02-10 07	3
hour:2024-02-10 08	13
hour:2024-02-10 09	29
hour:2024-02-10 10	11
hour:2024-02-10 11	16
hour:2024-02-10 12	23
hour:2024-02-10 13	16
hour:2024-02-10 14	13
hour:2024-02-10 15	10
hour:2024-02-10 16	11
hour:2024-02-10 17	20
hour:2024-02-10 18	21
hour:2024-02-10 19	14
hour:2024-02-10 20	18
hour:2024-02-10 21	6
hour:2024-02-10 22	10
hour:2024-02-10 23	2
hour:2024-02-11 00	4
hour:2024-02-11 01	2
hour:2024-02-11 02	2
hour:2024-02-11 03	3
hour:2024-02-11 04	4
hour:2024-02-11 05	8
hour:2024-02-11 06	8
hour:2024-02-11 07	7
hour:2024-02-11 08	18
hour:2024-02-11 09	17
hour:2024-02-11 10	13
hour:2024-02-11 11	23
hour:2024-02-11 12	16
hour:2024-02-11 13	20
hour:2024-02-11 14	23
hour:2024-02-11 15	21
hour:2024-02-11 16	13
hour:2024-02-11 17	20
hour:2024-02-11 18	17
hour:2024-02-11 19	17
hour:2024-02-11 20	20
hour:2024-02-11 21	3
hour:2024-02-11 22	6
hour:2024-02-11 23	6
hour:2024-02-12 00	4
hour:2024-02-12 01	2
hour:2024-02-12 02	2
hour:2024-02-12 03	3
hour:2024-02-12 04	2
hour:2024-02-12 05	3
hour:2024-02-12 06	2
hour:2024-02-12 07	5
hour:2024-02-12 08	18
hour:2024-02-12 09	13
hour:2024-02-12 10	14
hour:2024-02-12 11	17
hour:2024-02-12 12	15
hour:2024-02-12 13	12
hour:2024-02-12 14	17
hour:2024-02-12 15	20
hour:2024-02-12 16	25
hour:2024-02-12 17	13
hour:2024-02-12 18	13
hour:2024-02-12 19	20
hour:2024-02-12 20	24
hour:2024-02-12 21	3
hour:2024-02-12 22	9
hour:2024-02-12 23	5
hour:2024-02-13 00	4
hour:2024-02-13 01	4
hour:2024-02-13 02	2
hour:2024-02-13 03	3
hour:2024-02-13 04	5
hour:2024-02-13 05	6
hour:2024-02-13 06	7
hour:2024-02-13 07	4
hour:2024-02-13 08	17
hour:2024-02-13 09	17
hour:2024-02-13 10	16
hour:2024-02-13 11	15
hour:2024-02-13 12	19
hour:2024-02-13 13	18
hour:2024-02-13 14	22
hour:2024-02-13 15	13
hour:2024-02-13 16	14
hour:2024-02-13 17	17
hour:2024-02-13 18	25
hour:2024-02-13 19	18
hour:2024-02-13 20	23
hour:2024-02-13 21	7
hour:2024-02-13 22	4
hour:2024-02-13 23	5
hour:2024-02-14 00	5
hour:2024-02-14 01	11
hour:2024-02-14 02	3
hour:2024-02-14 03	8
hour:2024-02-14 04	3
hour:2024-02-14 05	4
hour:2024-02-14 06	5
hour:2024-02-14 07	5
hour:2024-02-14 08	13
hour:2024-02-14 09	14
hour:2024-02-14 10	14
hour:2024-02-14 11	15
hour:2024-02-14 12	15
hour:2024-02-14 13	24
hour:2024-02-14 14	12
hour:2024-02-14 15	22
hour:2024-02-14 16	23
hour:2024-02-14 17	20
hour:2024-02-14 18	14
hour:2024-02-14 19	21
hour:2024-02-14 20	16
hour:2024-02-14 21	1
hour:2024-02-14 22	3
hour:2024-02-14 23	7
hour:2024-02-15 00	8
hour:2024-02-15 01	2
hour:2024-02-15 02	7
hour:2024-02-15 03	2
hour:2024-02-15 04	3
hour:2024-02-15 05	5
hour:2024-02-15 06	1
hour:2024-02-15 07	2
hour:2024-02-15 08	21
hour:2024-02-15 09	17
hour:2024-02-15 10	16
hour:2024-02-15 11	24
hour:2024-02-15 12	16
hour:2024-02-15 13	24
hour:2024-02-15 14	10
hour:2024-02-15 15	14
hour:2024-02-15 16	15
hour:2024-02-15 17	9
hour:2024-02-15 18	18
hour:2024-02-15 19	11
hour:2024-02-15 20	23
hour:2024-02-15 21	3
hour:2024-02-15 22	4
hour:2024-02-15 23	3
hour:2024-02-16 00	6
hour:2024-02-16 01	4
hour:2024-02-16 02	6
hour:2024-02-16 03	2
hour:2024-02-16 04	5
hour:2024-02-16 05	6
hour:2024-02-16 06	4
hour:2024-02-16 07	2
hour:2024-02-16 08	16
hour:2024-02-16 09	16
hour:2024-02-16 10	12
hour:2024-02-16 11	17
hour:2024-02-16 12	16
hour:2024-02-16 13	12
hour:2024-02-16 14	13
hour:2024-02-16 15	27
hour:2024-02-16 16	29
hour:2024-02-16 17	16
hour:2024-02-16 18	15
hour:2024-02-16 19	17
hour:2024-02-16 20	17
hour:2024-02-16 21	4
hour:2024-02-16 22	6
hour:2024-02-16 23	4
hour:2024-02-17 00	5
hour:2024-02-17 01	3
hour:2024-02-17 02	4
hour:2024-02-17 03	7
hour:2024-02-17 04	3
hour:2024-02-17 05	3
hour:2024-02-17 06	5
hour:2024-02-17 07	2
hour:2024-02-17 08	12
hour:2024-02-17 09	13
hour:2024-02-17 10	20
hour:2024-02-17 11	14
hour:2024-02-17 12	17
hour:2024-02-17 13	12
hour:2024-02-17 14	17
hour:2024-02-17 15	19
hour:2024-02-17 16	18
hour:2024-02-17 17	13
hour:2024-02-17 18	16
hour:2024-02-17 19	15
hour:2024-02-17 20	8
hour:2024-02-17 21	2
hour:2024-02-17 22	4
hour:2024-02-17 23	3
hour:2024-02-18 00	5
hour:2024-02-18 01	3
hour:2024-02-18 02	9
hour:2024-02-18 03	1
hour:2024-02-18 04	3
hour:2024-02-18 05	9
hour:2024-02-18 06	7
hour:2024-02-18 07	6
hour:2024-02-18 08	15
hour:2024-02-18 09	22
hour:2024-02-18 10	13
hour:2024-02-18 11	18
hour:2024-02-18 12	18
hour:2024-02-18 13	21
hour:2024-02-18 14	14
hour:2024-02-18 15	26
hour:2024-02-18 16	20
hour:2024-02-18 17	20
hour:2024-02-18 18	12
hour:2024-02-18 19	20
hour:2024-02-18 20	16
hour:2024-02-18 21	3
hour:2024-02-18 22	5
hour:2024-02-18 23	5
hour:2024-02-19 00	4
hour:2024-02-19 01	4
hour:2024-02-19 02	3
hour:2024-02-19 03	4
hour:2024-02-19 04	3
hour:2024-02-19 05	4
hour:2024-02-19 06	2
hour:2024-02-19 07	8
hour:2024-02-19 08	22
hour:2024-02-19 09	24
hour:2024-02-19 10	18
hour:2024-02-19 11	23
hour:2024-02-19 12	18
hour:2024-02-19 13	10
hour:2024-02-19 14	19
hour:2024-02-19 15	21
hour:2024-02-19 16	19
hour:2024-02-19 17	18
hour:2024-02-19 18	12
hour:2024-02-19 19	20
hour:2024-02-19 20	17
hour:2024-02-19 21	8
hour:2024-02-19 22	2
hour:2024-02-19 23	7
hour:2024-02-20 00	7
hour:2024-02-20 01	5
hour:2024-02-20 02	6
hour:2024-02-20 03	10
hour:2024-02-20 04	9
hour:2024-02-20 05	6
hour:2024-02-20 06	2
hour:2024-02-20 07	5
hour:2024-02-20 08	20
hour:2024-02-20 09	21
hour:2024-02-20 10	13
hour:2024-02-20 11	21
hour:2024-02-20 12	12
hour:2024-02-20 13	17
hour:2024-02-20 14	14
hour:2024-02-20 15	15
hour:2024-02-20 16	22
hour:2024-02-20 17	16
hour:2024-02-20 18	21
hour:2024-02-20 19	21
hour:2024-02-20 20	19
hour:2024-02-20 21	6
hour:2024-02-20 22	4
hour:2024-02-20 23	5
hour:2024-02-21 00	7
hour:2024-02-21 02	7
hour:2024-02-21 04	10
hour:2024-02-21 05	4
hour:2024-02-21 06	2
hour:2024-02-21 07	9
hour:2024-02-21 08	27
hour:2024-02-21 09	14
hour:2024-02-21 10	17
hour:2024-02-21 11	23
hour:2024-02-21 12	18
hour:2024-02-21 13	22
hour:2024-02-21 14	14
hour:2024-02-21 15	25
hour:2024-02-21 16	20
hour:2024-02-21 17	17
hour:2024-02-21 18	29
hour:2024-02-21 19	22
hour:2024-02-21 20	20
hour:2024-02-21 21	9
hour:2024-02-21 22	4
hour:2024-02-21 23	2
hour:2024-02-22 00	2
hour:2024-02-22 01	5
hour:2024-02-22 02	6
hour:2024-02-22 03	1
hour:2024-02-22 04	8
hour:2024-02-22 05	6
hour:2024-02-22 06	4
hour:2024-02-22 07	4
hour:2024-02-22 08	11
hour:2024-02-22 09	19
hour:2024-02-22 10	18
hour:2024-02-22 11	21
hour:2024-02-22 12	10
hour:2024-02-22 13	28
hour:2024-02-22 14	15
hour:2024-02-22 15	16
hour:2024-02-22 16	13
hour:2024-02-22 17	11
hour:2024-02-22 18	15
hour:2024-02-22 19	20
hour:2024-02-22 20	16
hour:2024-02-22 21	3
hour:2024-02-22 22	10
hour:2024-02-22 23	6
hour:2024-02-23 00	3
hour:2024-02-23 01	3
hour:2024-02-23 02	5
hour:2024-02-23 03	1
hour:2024-02-23 04	4
hour:2024-02-23 05	4
hour:2024-02-23 06	5
hour:2024-02-23 07	7
hour:2024-02-23 08	19
hour:2024-02-23 09	16
hour:2024-02-23 10	15
hour:2024-02-23 11	19
hour:2024-02-23 12	9
hour:2024-02-23 13	22
hour:2024-02-23 14	18
hour:2024-02-23 15	20
hour:2024-02-23 16	13
hour:2024-02-23 17	9
hour:2024-02-23 18	16
hour:2024-02-23 19	22
hour:2024-02-23 20	13
hour:2024-02-23 21	2
hour:2024-02-23 22	4
hour:2024-02-23 23	1
hour:2024-02-24 00	5
hour:2024-02-24 01	7
hour:2024-02-24 02	4
hour:2024-02-24 03	3
hour:2024-02-24 04	5
hour:2024-02-24 05	8
hour:2024-02-24 06	3
hour:2024-02-24 07	8
hour:2024-02-24 08	13
hour:2024-02-24 09	21
hour:2024-02-24 10	15
hour:2024-02-24 11	15
hour:2024-02-24 12	17
hour:2024-02-24 13	19
hour:2024-02-24 14	23
hour:2024-02-24 15	13
hour:2024-02-24 16	12
hour:2024-02-24 17	18
hour:2024-02-24 18	22
hour:2024-02-24 19	7
hour:2024-02-24 20	14
hour:2024-02-24 21	3
hour:2024-02-24 22	6
hour:2024-02-24 23	9
hour:2024-02-25 00	2
hour:2024-02-25 01	3
hour:2024-02-25 02	8
hour:2024-02-25 03	5
hour:2024-02-25 04	3
hour:2024-02-25 05	4
hour:2024-02-25 06	2
hour:2024-02-25 07	5
hour:2024-02-25 08	24
hour:2024-02-25 09	15
hour:2024-02-25 10	10
hour:2024-02-25 11	23
hour:2024-02-25 12	13
hour:2024-02-25 13	14
hour:2024-02-25 14	23
hour:2024-02-25 15	21
hour:2024-02-25 16	20
hour:2024-02-25 17	26
hour:2024-02-25 18	25
hour:2024-02-25 19	13
hour:2024-02-25 20	21
hour:2024-02-25 21	7
hour:2024-02-25 22	5
hour:2024-02-25 23	7
hour:2024-02-26 00	4
hour:2024-02-26 01	6
hour:2024-02-26 02	5
hour:2024-02-26 03	7
hour:2024-02-26 04	3
hour:2024-02-26 05	5
hour:2024-02-26 06	7
hour:2024-02-26 07	1
hour:2024-02-26 08	21
hour:2024-02-26 09	15
hour:2024-02-26 10	16
hour:2024-02-26 11	13
hour:2024-02-26 12	13
hour:2024-02-26 13	15
hour:2024-02-26 14	11
hour:2024-02-26 15	15
hour:2024-02-26 16	17
hour:2024-02-26 17	18
hour:2024-02-26 18	15
hour:2024-02-26 19	21
hour:2024-02-26 20	25
hour:2024-02-26 21	5
hour:2024-02-26 22	3
hour:2024-02-26 23	7
hour:2024-02-27 00	3
hour:2024-02-27 01	6
hour:2024-02-27 02	1
hour:2024-02-27 03	6
hour:2024-02-27 04	2
hour:2024-02-27 05	5
hour:2024-02-27 06	7
hour:2024-02-27 07	7
hour:2024-02-27 08	12
hour:2024-02-27 09	19
hour:2024-02-27 10	22
hour:2024-02-27 11	14
hour:2024-02-27 12	17
hour:2024-02-27 13	26
hour:2024-02-27 14	13
hour:2024-02-27 15	21
hour:2024-02-27 16	11
hour:2024-02-27 17	18
hour:2024-02-27 18	21
hour:2024-02-27 19	24
hour:2024-02-27 20	13
hour:2024-02-27 21	3
hour:2024-02-27 22	3
hour:2024-02-27 23	3
hour:2024-02-28 00	1
hour:2024-02-28 01	2
hour:2024-02-28 02	5
hour:2024-02-28 03	5
hour:2024-02-28 04	5
hour:2024-02-28 05	11
hour:2024-02-28 06	11
hour:2024-02-28 07	12
hour:2024-02-28 08	16
hour:2024-02-28 09	12
hour:2024-02-28 10	18
hour:2024-02-28 11	18
hour:2024-02-28 12	12
hour:2024-02-28 13	17
hour:2024-02-28 14	21
hour:2024-02-28 15	12
hour:2024-02-28 16	14
hour:2024-02-28 17	17
hour:2024-02-28 18	21
hour:2024-02-28 19	25
hour:2024-02-28 20	24
hour:2024-02-28 21	1
hour:2024-02-28 22	2
hour:2024-02-28 23	6
hour:2024-02-29 00	3
hour:2024-02-29 01	6
hour:2024-02-29 02	4
hour:2024-02-29 03	5
hour:2024-02-29 04	2
hour:2024-02-29 05	4
hour:2024-02-29 06	8
hour:2024-02-29 07	5
hour:2024-02-29 08	20
hour:2024-02-29 09	14
hour:2024-02-29 10	20
hour:2024-02-29 11	22
hour:2024-02-29 12	13
hour:2024-02-29 13	19
hour:2024-02-29 14	16
hour:2024-02-29 15	18
hour:2024-02-29 16	20
hour:2024-02-29 17	18
hour:2024-02-29 18	17
hour:2024-02-29 19	22
hour:2024-02-29 20	15
hour:2024-02-29 21	6
hour:2024-02-29 22	6
hour:2024-02-29 23	3
hour:2024-03-01 00	1
hour:2024-03-01 01	3
hour:2024-03-01 02	4
hour:2024-03-01 03	3
hour:2024-03-01 04	2
hour:2024-03-01 05	5
hour:2024-03-01 06	4
hour:2024-03-01 07	5
hour:2024-03-01 08	18
hour:2024-03-01 09	16
hour:2024-03-01 10	17
hour:2024-03-01 11	13
hour:2024-03-01 12	15
hour:2024-03-01 13	18
hour:2024-03-01 14	14
hour:2024-03-01 15	14
hour:2024-03-01 16	13
hour:2024-03-01 17	19
hour:2024-03-01 18	20
hour:2024-03-01 19	25
hour:2024-03-01 20	18
hour:2024-03-01 21	2
hour:2024-03-01 22	1
hour:2024-03-01 23	4
hour:2024-03-02 00	7
hour:2024-03-02 01	1
hour:2024-03-02 02	5
hour:2024-03-02 03	6
hour:2024-03-02 04	3
hour:2024-03-02 05	5
hour:2024-03-02 06	3
hour:2024-03-02 07	2
hour:2024-03-02 08	21
hour:2024-03-02 09	12
hour:2024-03-02 10	17
hour:2024-03-02 11	13
hour:2024-03-02 12	9
hour:2024-03-02 13	20
hour:2024-03-02 14	21
hour:2024-03-02 15	21
hour:2024-03-02 16	18
hour:2024-03-02 17	12
hour:2024-03-02 18	17
hour:2024-03-02 19	14
hour:2024-03-02 20	18
hour:2024-03-02 21	7
hour:2024-03-02 22	2
hour:2024-03-02 23	3
hour:2024-03-03 00	9
hour:2024-03-03 01	2
hour:2024-03-03 02	5
hour:2024-03-03 03	4
hour:2024-03-03 04	3
hour:2024-03-03 05	3
hour:2024-03-03 06	5
hour:2024-03-03 07	6
hour:2024-03-03 08	18
hour:2024-03-03 09	16
hour:2024-03-03 10	12
hour:2024-03-03 11	15
hour:2024-03-03 12	12
hour:2024-03-03 13	16
hour:2024-03-03 14	15
hour:2024-03-03 15	21
hour:2024-03-03 16	19
hour:2024-03-03 17	20
hour:2024-03-03 18	16
hour:2024-03-03 19	20
hour:2024-03-03 20	14
hour:2024-03-03 21	1
hour:2024-03-03 22	7
hour:2024-03-03 23	2
hour:2024-03-04 00	2
hour:2024-03-04 01	4
hour:2024-03-04 02	6
hour:2024-03-04 03	3
hour:2024-03-04 04	6
hour:2024-03-04 05	3
hour:2024-03-04 06	4
hour:2024-03-04 07	2
hour:2024-03-04 08	22
hour:2024-03-04 09	22
hour:2024-03-04 10	20
hour:2024-03-04 11	15
hour:2024-03-04 12	14
hour:2024-03-04 13	20
hour:2024-03-04 14	14
hour:2024-03-04 15	14
hour:2024-03-04 16	19
hour:2024-03-04 17	18
hour:2024-03-04 18	14
hour:2024-03-04 19	20
hour:2024-03-04 20	12
hour:2024-03-04 21	6
hour:2024-03-04 22	4
hour:2024-03-04 23	5
hour:2024-03-05 00	3
hour:2024-03-05 01	3
hour:2024-03-05 02	2
hour:2024-03-05 03	1
hour:2024-03-05 04	7
hour:2024-03-05 05	3
hour:2024-03-05 06	5
hour:2024-03-05 07	6
hour:2024-03-05 08	14
hour:2024-03-05 09	17
hour:2024-03-05 10	19
hour:2024-03-05 11	16
hour:2024-03-05 12	19
hour:2024-03-05 13	22
hour:2024-03-05 14	12
hour:2024-03-05 15	12
hour:2024-03-05 16	15
hour:2024-03-05 17	11
hour:2024-03-05 18	13
hour:2024-03-05 19	14
hour:2024-03-05 20	14
hour:2024-03-05 21	2
hour:2024-03-05 22	8
hour:2024-03-05 23	5
hour:2024-03-06 00	4
hour:2024-03-06 01	8
hour:2024-03-06 02	5
hour:2024-03-06 03	8
hour:2024-03-06 04	8
hour:2024-03-06 05	6
hour:2024-03-06 06	3
hour:2024-03-06 07	4
hour:2024-03-06 08	13
hour:2024-03-06 09	10
hour:2024-03-06 10	17
hour:2024-03-06 11	18
hour:2024-03-06 12	17
hour:2024-03-06 13	13
hour:2024-03-06 14	19
hour:2024-03-06 15	16
hour:2024-03-06 16	21
hour:2024-03-06 17	9
hour:2024-03-06 18	15
hour:2024-03-06 19	27
hour:2024-03-06 20	22
hour:2024-03-06 21	5
hour:2024-03-06 22	6
hour:2024-03-06 23	4
hour:2024-03-07 00	9
hour:2024-03-07 01	2
hour:2024-03-07 02	4
hour:2024-03-07 03	5
hour:2024-03-07 04	3
hour:2024-03-07 05	4
hour:2024-03-07 06	10
hour:2024-03-07 07	4
hour:2024-03-07 08	12
hour:2024-03-07 09	18
hour:2024-03-07 10	25
hour:2024-03-07 11	17
hour:2024-03-07 12	22
hour:2024-03-07 13	14
hour:2024-03-07 14	16
hour:2024-03-07 15	21
hour:2024-03-07 16	13
hour:2024-03-07 17	14
hour:2024-03-07 18	18
hour:2024-03-07 19	22
hour:2024-03-07 20	11
hour:2024-03-07 21	5
hour:2024-03-07 22	2
hour:2024-03-07 23	2
hour:2024-03-08 00	6
hour:2024-03-08 01	5
hour:2024-03-08 02	11
hour:2024-03-08 03	5
hour:2024-03-08 04	6
hour:2024-03-08 05	4
hour:2024-03-08 06	4
hour:2024-03-08 07	3
hour:2024-03-08 08	17
hour:2024-03-08 09	18
hour:2024-03-08 10	19
hour:2024-03-08 11	19
hour:2024-03-08 12	11
hour:2024-03-08 13	15
hour:2024-03-08 14	23
hour:2024-03-08 15	19
hour:2024-03-08 16	16
hour:2024-03-08 17	25
hour:2024-03-08 18	16
hour:2024-03-08 19	12
hour:2024-03-08 20	15
hour:2024-03-08 21	3
hour:2024-03-08 22	3
hour:2024-03-08 23	3
hour:2024-03-09 00	5
hour:2024-03-09 01	2
hour:2024-03-09 02	9
hour:2024-03-09 03	8
hour:2024-03-09 04	6
hour:2024-03-09 05	4
hour:2024-03-09 06	3
hour:2024-03-09 07	6
hour:2024-03-09 08	26
hour:2024-03-09 09	17
hour:2024-03-09 10	24
hour:2024-03-09 11	17
hour:2024-03-09 12	19
hour:2024-03-09 13	18
hour:2024-03-09 14	13
hour:2024-03-09 15	16
hour:2024-03-09 16	12
hour:2024-03-09 17	17
hour:2024-03-09 18	11
hour:2024-03-09 19	28
hour:2024-03-09 20	17
hour:2024-03-09 21	7
hour:2024-03-09 22	4
hour:2024-03-09 23	12
hour:2024-03-10 00	6
hour:2024-03-10 01	1
hour:2024-03-10 02	3
hour:2024-03-10 03	4
hour:2024-03-10 04	8
hour:2024-03-10 05	4
hour:2024-03-10 06	6
hour:2024-03-10 07	7
hour:2024-03-10 08	16
hour:2024-03-10 09	17
hour:2024-03-10 10	18
hour:2024-03-10 11	20
hour:2024-03-10 12	17
hour:2024-03-10 13	18
hour:2024-03-10 14	22
hour:2024-03-10 15	15
hour:2024-03-10 16	13
hour:2024-03-10 17	21
hour:2024-03-10 18	12
hour:2024-03-10 19	18
hour:2024-03-10 20	11
hour:2024-03-10 21	4
hour:2024-03-10 22	2
hour:2024-03-10 23	11
hour:2024-03-11 00	5
hour:2024-03-11 01	5
hour:2024-03-11 02	7
hour:2024-03-11 03	10
hour:2024-03-11 04	7
hour:2024-03-11 05	9
hour:2024-03-11 06	7
hour:2024-03-11 07	3
hour:2024-03-11 08	13
hour:2024-03-11 09	16
hour:2024-03-11 10	23
hour:2024-03-11 11	26
hour:2024-03-11 12	14
hour:2024-03-11 13	18
hour:2024-03-11 14	4
hour:2024-03-11 15	19
hour:2024-03-11 16	16
hour:2024-03-11 17	18
hour:2024-03-11 18	23
hour:2024-03-11 19	23
hour:2024-03-11 20	18
hour:2024-03-11 21	4
hour:2024-03-11 22	5
hour:2024-03-11 23	4
hour:2024-03-12 00	3
hour:2024-03-12 01	4
hour:2024-03-12 02	4
hour:2024-03-12 03	9
hour:2024-03-12 04	4
hour:2024-03-12 05	5
hour:2024-03-12 06	5
hour:2024-03-12 07	9
hour:2024-03-12 08	14
hour:2024-03-12 09	20
hour:2024-03-12 10	19
hour:2024-03-12 11	17
hour:2024-03-12 12	24
hour:2024-03-12 13	21
hour:2024-03-12 14	10
hour:2024-03-12 15	7
hour:2024-03-12 16	15
hour:2024-03-12 17	12
hour:2024-03-12 18	24
hour:2024-03-12 19	16
hour:2024-03-12 20	23
hour:2024-03-12 21	5
hour:2024-03-12 22	5
hour:2024-03-12 23	3
hour:2024-03-13 00	4
hour:2024-03-13 01	3
hour:2024-03-13 02	5
hour:2024-03-13 03	6
hour:2024-03-13 04	7
hour:2024-03-13 05	6
hour:2024-03-13 06	8
hour:2024-03-13 07	6
hour:2024-03-13 08	14
hour:2024-03-13 09	13
hour:2024-03-13 10	12
hour:2024-03-13 11	16
hour:2024-03-13 12	16
hour:2024-03-13 13	23
hour:2024-03-13 14	9
hour:2024-03-13 15	17
hour:2024-03-13 16	18
hour:2024-03-13 17	19
hour:2024-03-13 18	21
hour:2024-03-13 19	13
hour:2024-03-13 20	17
hour:2024-03-13 21	4
hour:2024-03-13 22	4
hour:2024-03-13 23	9
hour:2024-03-14 00	2
hour:2024-03-14 01	7
hour:2024-03-14 02	2
hour:2024-03-14 03	6
hour:2024-03-14 04	3
hour:2024-03-14 05	3
hour:2024-03-14 06	6
hour:2024-03-14 07	7
hour:2024-03-14 08	11
hour:2024-03-14 09	16
hour:2024-03-14 10	20
hour:2024-03-14 11	19
hour:2024-03-14 12	17
hour:2024-03-14 13	12
hour:2024-03-14 14	20
hour:2024-03-14 15	11
hour:2024-03-14 16	16
hour:2024-03-14 17	23
hour:2024-03-14 18	14
hour:2024-03-14 19	16
hour:2024-03-14 20	18
hour:2024-03-14 21	6
hour:2024-03-14 22	6
hour:2024-03-14 23	9
hour:2024-03-15 00	5
hour:2024-03-15 01	2
hour:2024-03-15 02	8
hour:2024-03-15 03	4
hour:2024-03-15 04	1
hour:2024-03-15 05	4
hour:2024-03-15 06	5
hour:2024-03-15 07	8
hour:2024-03-15 08	19
hour:2024-03-15 09	20
hour:2024-03-15 10	17
hour:2024-03-15 11	13
hour:2024-03-15 12	19
hour:2024-03-15 13	12
hour:2024-03-15 14	21
hour:2024-03-15 15	23
hour:2024-03-15 16	21
hour:2024-03-15 17	24
hour:2024-03-15 18	14
hour:2024-03-15 19	16
hour:2024-03-15 20	15
hour:2024-03-15 21	4
hour:2024-03-15 22	3
hour:2024-03-15 23	8
hour:2024-03-16 00	3
hour:2024-03-16 01	5
hour:2024-03-16 02	3
hour:2024-03-16 03	7
hour:2024-03-16 04	1
hour:2024-03-16 05	9
hour:2024-03-16 06	4
hour:2024-03-16 07	3
hour:2024-03-16 08	12
hour:2024-03-16 09	14
hour:2024-03-16 10	16
hour:2024-03-16 11	14
hour:2024-03-16 12	16
hour:2024-03-16 13	16
hour:2024-03-16 14	17
hour:2024-03-16 15	16
hour:2024-03-16 16	21
hour:2024-03-16 17	13
hour:2024-03-16 18	19
hour:2024-03-16 19	18
hour:2024-03-16 20	14
hour:2024-03-16 21	6
hour:2024-03-16 22	3
hour:2024-03-16 23	1
hour:2024-03-17 00	2
hour:2024-03-17 01	4
hour:2024-03-17 02	1
hour:2024-03-17 03	8
hour:2024-03-17 04	3
hour:2024-03-17 05	1
hour:2024-03-17 06	4
hour:2024-03-17 07	8
hour:2024-03-17 08	25
hour:2024-03-17 09	24
hour:2024-03-17 10	23
hour:2024-03-17 11	15
hour:2024-03-17 12	15
hour:2024-03-17 13	23
hour:2024-03-17 14	26
hour:2024-03-17 15	15
hour:2024-03-17 16	14
hour:2024-03-17 17	23
hour:2024-03-17 18	22
hour:2024-03-17 19	18
hour:2024-03-17 20	22
hour:2024-03-17 21	7
hour:2024-03-17 23	2
hour:2024-03-18 00	5
hour:2024-03-18 01	4
hour:2024-03-18 02	5
hour:2024-03-18 03	3
hour:2024-03-18 04	7
hour:2024-03-18 05	3
hour:2024-03-18 06	3
hour:2024-03-18 07	5
hour:2024-03-18 08	18
hour:2024-03-18 09	13
hour:2024-03-18 10	17
hour:2024-03-18 11	23
hour:2024-03-18 12	15
hour:2024-03-18 13	16
hour:2024-03-18 14	20
hour:2024-03-18 15	13
hour:2024-03-18 16	18
hour:2024-03-18 17	17
hour:2024-03-18 18	18
hour:2024-03-18 19	12
hour:2024-03-18 20	19
hour:2024-03-18 21	4
hour:2024-03-18 22	5
hour:2024-03-18 23	3
hour:2024-03-19 00	3
hour:2024-03-19 01	1
hour:2024-03-19 02	4
hour:2024-03-19 03	6
hour:2024-03-19 04	4
hour:2024-03-19 05	6
hour:2024-03-19 06	7
hour:2024-03-19 07	3
hour:2024-03-19 08	14
hour:2024-03-19 09	27
hour:2024-03-19 10	16
hour:2024-03-19 11	18
hour:2024-03-19 12	15
hour:2024-03-19 13	18
hour:2024-03-19 14	14
hour:2024-03-19 15	17
hour:2024-03-19 16	16
hour:2024-03-19 17	17
hour:2024-03-19 18	13
hour:2024-03-19 19	22
hour:2024-03-19 20	17
hour:2024-03-19 21	3
hour:2024-03-19 22	5
hour:2024-03-19 23	5
hour:2024-03-20 00	5
hour:2024-03-20 01	2
hour:2024-03-20 02	7
hour:2024-03-20 03	5
hour:2024-03-20 04	3
hour:2024-03-20 05	5
hour:2024-03-20 06	7
hour:2024-03-20 07	3
hour:2024-03-20 08	18
hour:2024-03-20 09	11
hour:2024-03-20 10	14
hour:2024-03-20 11	10
hour:2024-03-20 12	12
hour:2024-03-20 13	14
hour:2024-03-20 14	15
hour:2024-03-20 15	18
hour:2024-03-20 16	20
hour:2024-03-20 17	17
hour:2024-03-20 18	21
hour:2024-03-20 19	16
hour:2024-03-20 20	19
hour:2024-03-20 21	4
hour:2024-03-20 22	2
hour:2024-03-20 23	7
hour:2024-03-21 00	3
hour:2024-03-21 01	5
hour:2024-03-21 02	2
hour:2024-03-21 03	5
hour:2024-03-21 04	5
hour:2024-03-21 05	2
hour:2024-03-21 06	7
hour:2024-03-21 07	4
hour:2024-03-21 08	20
hour:2024-03-21 09	27
hour:2024-03-21 10	26
hour:2024-03-21 11	13
hour:2024-03-21 12	20
hour:2024-03-21 13	15
hour:2024-03-21 14	20
hour:2024-03-21 15	16
hour:2024-03-21 16	22
hour:2024-03-21 17	13
hour:2024-03-21 18	20
hour:2024-03-21 19	22
hour:2024-03-21 20	24
hour:2024-03-21 21	5
hour:2024-03-21 22	3
hour:2024-03-21 23	3
hour:2024-03-22 00	3
hour:2024-03-22 01	4
hour:2024-03-22 02	4
hour:2024-03-22 03	9
hour:2024-03-22 04	6
hour:2024-03-22 05	6
hour:2024-03-22 06	3
hour:2024-03-22 07	1
hour:2024-03-22 08	17
hour:2024-03-22 09	16
hour:2024-03-22 10	25
hour:2024-03-22 11	14
hour:2024-03-22 12	17
hour:2024-03-22 13	8
hour:2024-03-22 14	21
hour:2024-03-22 15	30
hour:2024-03-22 16	16
hour:2024-03-22 17	9
hour:2024-03-22 18	8
hour:2024-03-22 19	11
hour:2024-03-22 20	12
hour:2024-03-22 21	5
hour:2024-03-22 22	1
hour:2024-03-22 23	2
hour:2024-03-23 00	7
hour:2024-03-23 01	7
hour:2024-03-23 02	6
hour:2024-03-23 03	7
hour:2024-03-23 04	3
hour:2024-03-23 05	5
hour:2024-03-23 06	4
hour:2024-03-23 07	6
hour:2024-03-23 08	16
hour:2024-03-23 09	16
hour:2024-03-23 10	17
hour:2024-03-23 11	14
hour:2024-03-23 12	21
hour:2024-03-23 13	22
hour:2024-03-23 14	12
hour:2024-03-23 15	11
hour:2024-03-23 16	16
hour:2024-03-23 17	15
hour:2024-03-23 18	25
hour:2024-03-23 19	24
hour:2024-03-23 20	18
hour:2024-03-23 21	3
hour:2024-03-23 22	4
hour:2024-03-23 23	2
hour:2024-03-24 00	7
hour:2024-03-24 01	4
hour:2024-03-24 02	2
hour:2024-03-24 03	6
hour:2024-03-24 04	1
hour:2024-03-24 05	2
hour:2024-03-24 06	6
hour:2024-03-24 07	3
hour:2024-03-24 08	19
hour:2024-03-24 09	16
hour:2024-03-24 10	21
hour:2024-03-24 11	12
hour:2024-03-24 12	16
hour:2024-03-24 13	17
hour:2024-03-24 14	12
hour:2024-03-24 15	22
hour:2024-03-24 16	20
hour:2024-03-24 17	19
hour:2024-03-24 18	15
hour:2024-03-24 19	21
hour:2024-03-24 20	14
hour:2024-03-24 21	5
hour:2024-03-24 22	6
hour:2024-03-24 23	3
hour:2024-03-25 00	3
hour:2024-03-25 01	3
hour:2024-03-25 02	4
hour:2024-03-25 03	3
hour:2024-03-25 04	2
hour:2024-03-25 05	6
hour:2024-03-25 06	4
hour:2024-03-25 07	2
hour:2024-03-25 08	19
hour:2024-03-25 09	19
hour:2024-03-25 10	10
hour:2024-03-25 11	15
hour:2024-03-25 12	14
hour:2024-03-25 13	15
hour:2024-03-25 14	21
hour:2024-03-25 15	12
hour:2024-03-25 16	15
hour:2024-03-25 17	17
hour:2024-03-25 18	21
hour:2024-03-25 19	18
hour:2024-03-25 20	19
hour:2024-03-25 21	3
hour:2024-03-25 22	1
hour:2024-03-25 23	2
hour:2024-03-26 00	1
hour:2024-03-26 01	1
hour:2024-03-26 02	5
hour:2024-03-26 04	7
hour:2024-03-26 05	4
hour:2024-03-26 06	9
hour:2024-03-26 07	2
hour:2024-03-26 08	23
hour:2024-03-26 09	17
hour:2024-03-26 10	21
hour:2024-03-26 11	23
hour:2024-03-26 12	17
hour:2024-03-26 13	19
hour:2024-03-26 14	20
hour:2024-03-26 15	19
hour:2024-03-26 16	14
hour:2024-03-26 17	22
hour:2024-03-26 18	15
hour:2024-03-26 19	10
hour:2024-03-26 20	18
hour:2024-03-26 21	4
hour:2024-03-26 22	6
hour:2024-03-26 23	4
hour:2024-03-27 00	6
hour:2024-03-27 01	1
hour:2024-03-27 02	4
hour:2024-03-27 03	7
hour:2024-03-27 04	3
hour:2024-03-27 05	13
hour:2024-03-27 06	7
hour:2024-03-27 07	3
hour:2024-03-27 08	15
hour:2024-03-27 09	18
hour:2024-03-27 10	20
hour:2024-03-27 11	15
hour:2024-03-27 12	15
hour:2024-03-27 13	11
hour:2024-03-27 14	11
hour:2024-03-27 15	18
hour:2024-03-27 16	24
hour:2024-03-27 17	18
hour:2024-03-27 18	28
hour:2024-03-27 19	13
hour:2024-03-27 20	16
hour:2024-03-27 21	6
hour:2024-03-27 22	9
hour:2024-03-27 23	4
hour:2024-03-28 00	6
hour:2024-03-28 01	1
hour:2024-03-28 02	5
hour:2024-03-28 03	4
hour:2024-03-28 04	3
hour:2024-03-28 05	8
hour:2024-03-28 06	3
hour:2024-03-28 07	5
hour:2024-03-28 08	15
hour:2024-03-28 09	15
hour:2024-03-28 10	26
hour:2024-03-28 11	12
hour:2024-03-28 12	16
hour:2024-03-28 13	25
hour:2024-03-28 14	18
hour:2024-03-28 15	24
hour:2024-03-28 16	19
hour:2024-03-28 17	12
hour:2024-03-28 18	19
hour:2024-03-28 19	16
hour:2024-03-28 20	22
hour:2024-03-28 21	7
hour:2024-03-28 22	2
hour:2024-03-28 23	5
hour:2024-03-29 00	2
hour:2024-03-29 01	2
hour:2024-03-29 02	6
hour:2024-03-29 03	2
hour:2024-03-29 04	6
hour:2024-03-29 05	5
hour:2024-03-29 06	4
hour:2024-03-29 07	9
hour:2024-03-29 08	15
hour:2024-03-29 09	17
hour:2024-03-29 10	18
hour:2024-03-29 11	19
hour:2024-03-29 12	9
hour:2024-03-29 13	16
hour:2024-03-29 14	19
hour:2024-03-29 15	15
hour:2024-03-29 16	26
hour:2024-03-29 17	19
hour:2024-03-29 18	18
hour:2024-03-29 19	17
hour:2024-03-29 20	21
hour:2024-03-29 21	7
hour:2024-03-29 22	3
hour:2024-03-29 23	4
hour:2024-03-30 00	5
hour:2024-03-30 01	6
hour:2024-03-30 02	5
hour:2024-03-30 03	2
hour:2024-03-30 04	5
hour:2024-03-30 05	2
hour:2024-03-30 06	1
hour:2024-03-30 07	4
hour:2024-03-30 08	15
hour:2024-03-30 09	16
hour:2024-03-30 10	24
hour:2024-03-30 11	23
hour:2024-03-30 12	21
hour:2024-03-30 13	20
hour:2024-03-30 14	16
hour:2024-03-30 15	11
hour:2024-03-30 16	17
hour:2024-03-30 17	19
hour:2024-03-30 18	15
hour:2024-03-30 19	20
hour:2024-03-30 20	21
hour:2024-03-30 21	2
hour:2024-03-30 22	3
hour:2024-03-30 23	3
hour:2024-03-31 00	5
hour:2024-03-31 01	4
hour:2024-03-31 02	7
hour:2024-03-31 03	2
hour:2024-03-31 04	4
hour:2024-03-31 05	5
hour:2024-03-31 06	3
hour:2024-03-31 07	8
hour:2024-03-31 08	18
hour:2024-03-31 09	10
hour:2024-03-31 10	13
hour:2024-03-31 11	12
hour:2024-03-31 12	18
hour:2024-03-31 13	12
hour:2024-03-31 14	16
hour:2024-03-31 15	15
hour:2024-03-31 16	14
hour:2024-03-31 17	16
hour:2024-03-31 18	13
hour:2024-03-31 19	21
hour:2024-03-31 20	16
hour:2024-03-31 21	3
hour:2024-03-31 22	3
hour:2024-03-31 23	7
hour:2024-04-01 00	1
hour:2024-04-01 01	2
hour:2024-04-01 02	1
hour:2024-04-01 03	7
hour:2024-04-01 04	4
hour:2024-04-01 05	4
hour:2024-04-01 06	5
hour:2024-04-01 07	3
hour:2024-04-01 08	18
hour:2024-04-01 09	20
hour:2024-04-01 10	15
hour:2024-04-01 11	18
hour:2024-04-01 12	19
hour:2024-04-01 13	17
hour:2024-04-01 14	18
hour:2024-04-01 15	20
hour:2024-04-01 16	11
hour:2024-04-01 17	14
hour:2024-04-01 18	29
hour:2024-04-01 19	20
hour:2024-04-01 20	15
hour:2024-04-01 21	6
hour:2024-04-01 22	4
hour:2024-04-01 23	2
hour:2024-04-02 00	8
hour:2024-04-02 01	5
hour:2024-04-02 02	7
hour:2024-04-02 03	6
hour:2024-04-02 04	6
hour:2024-04-02 05	5
hour:2024-04-02 06	7
hour:2024-04-02 07	5
hour:2024-04-02 08	12
hour:2024-04-02 09	19
hour:2024-04-02 10	18
hour:2024-04-02 11	16
hour:2024-04-02 12	16
hour:2024-04-02 13	18
hour:2024-04-02 14	21
hour:2024-04-02 15	23
hour:2024-04-02 16	13
hour:2024-04-02 17	16
hour:2024-04-02 18	16
hour:2024-04-02 19	17
hour:2024-04-02 20	19
hour:2024-04-02 22	9
hour:2024-04-02 23	6
hour:2024-04-03 00	5
hour:2024-04-03 01	6
hour:2024-04-03 02	5
hour:2024-04-03 03	4
hour:2024-04-03 04	2
hour:2024-04-03 05	7
hour:2024-04-03 06	4
hour:2024-04-03 07	1
hour:2024-04-03 08	19
hour:2024-04-03 09	15
hour:2024-04-03 10	20
hour:2024-04-03 11	21
hour:2024-04-03 12	15
hour:2024-04-03 13	22
hour:2024-04-03 14	16
hour:2024-04-03 15	15
hour:2024-04-03 16	15
hour:2024-04-03 17	21
hour:2024-04-03 18	19
hour:2024-04-03 19	23
hour:2024-04-03 20	22
hour:2024-04-03 21	4
hour:2024-04-03 23	2
hour:2024-04-04 00	5
hour:2024-04-04 01	5
hour:2024-04-04 02	7
hour:2024-04-04 03	7
hour:2024-04-04 04	8
hour:2024-04-04 05	2
hour:2024-04-04 06	4
hour:2024-04-04 07	7
hour:2024-04-04 08	16
hour:2024-04-04 09	21
hour:2024-04-04 10	24
hour:2024-04-04 11	21
hour:2024-04-04 12	17
hour:2024-04-04 13	12
hour:2024-04-04 14	16
hour:2024-04-04 15	13
hour:2024-04-04 16	14
hour:2024-04-04 17	14
hour:2024-04-04 18	26
hour:2024-04-04 19	14
hour:2024-04-04 20	15
hour:2024-04-04 21	3
hour:2024-04-04 22	6
hour:2024-04-04 23	6
hour:2024-04-05 00	3
hour:2024-04-05 01	3
hour:2024-04-05 02	2
hour:2024-04-05 03	7
hour:2024-04-05 04	6
hour:2024-04-05 05	7
hour:2024-04-05 06	5
hour:2024-04-05 07	5
hour:2024-04-05 08	19
hour:2024-04-05 09	18
hour:2024-04-05 10	12
hour:2024-04-05 11	15
hour:2024-04-05 12	19
hour:2024-04-05 13	19
hour:2024-04-05 14	22
hour:2024-04-05 15	15
hour:2024-04-05 16	12
hour:2024-04-05 17	13
hour:2024-04-05 18	18
hour:2024-04-05 19	18
hour:2024-04-05 20	19
hour:2024-04-05 21	2
hour:2024-04-05 22	6
hour:2024-04-05 23	6
hour:2024-04-06 00	6
hour:2024-04-06 01	2
hour:2024-04-06 02	4
hour:2024-04-06 03	5
hour:2024-04-06 04	6
hour:2024-04-06 05	4
hour:2024-04-06 06	7
hour:2024-04-06 07	5
hour:2024-04-06 08	16
hour:2024-04-06 09	17
hour:2024-04-06 10	22
hour:2024-04-06 11	10
hour:2024-04-06 12	16
hour:2024-04-06 13	17
hour:2024-04-06 14	16
hour:2024-04-06 15	20
hour:2024-04-06 16	25
hour:2024-04-06 17	14
hour:2024-04-06 18	24
hour:2024-04-06 19	20
hour:2024-04-06 20	23
hour:2024-04-06 21	7
hour:2024-04-06 22	2
hour:2024-04-06 23	4
hour:2024-04-07 00	4
hour:2024-04-07 01	6
hour:2024-04-07 02	4
hour:2024-04-07 03	4
hour:2024-04-07 04	3
hour:2024-04-07 05	8
hour:2024-04-07 06	5
hour:2024-04-07 07	2
hour:2024-04-07 08	19
hour:2024-04-07 09	17
hour:2024-04-07 10	19
hour:2024-04-07 11	18
hour:2024-04-07 12	17
hour:2024-04-07 13	18
hour:2024-04-07 14	11
hour:2024-04-07 15	13
hour:2024-04-07 16	20
hour:2024-04-07 17	31
hour:2024-04-07 18	21
hour:2024-04-07 19	14
hour:2024-04-07 20	18
hour:2024-04-07 21	6
hour:2024-04-07 22	4
hour:2024-04-07 23	4
hour:2024-04-08 00	5
hour:2024-04-08 01	3
hour:2024-04-08 02	3
hour:2024-04-08 03	5
hour:2024-04-08 04	4
hour:2024-04-08 05	5
hour:2024-04-08 06	6
hour:2024-04-08 07	6
hour:2024-04-08 08	15
hour:2024-04-08 09	21
hour:2024-04-08 10	17
hour:2024-04-08 11	13
hour:2024-04-08 12	23
hour:2024-04-08 13	11
hour:2024-04-08 14	14
hour:2024-04-08 15	18
hour:2024-04-08 16	13
hour:2024-04-08 17	13
hour:2024-04-08 18	16
hour:2024-04-08 19	17
hour:2024-04-08 20	20
hour:2024-04-08 21	5
hour:2024-04-08 22	8
hour:2024-04-08 23	3
hour:2024-04-09 00	3
hour:2024-04-09 01	3
hour:2024-04-09 02	2
hour:2024-04-09 03	4
hour:2024-04-09 04	5
hour:2024-04-09 05	2
hour:2024-04-09 06	5
hour:2024-04-09 07	2
hour:2024-04-09 08	20
hour:2024-04-09 09	18
hour:2024-04-09 10	11
hour:2024-04-09 11	22
hour:2024-04-09 12	17
hour:2024-04-09 13	15
hour:2024-04-09 14	14
hour:2024-04-09 15	20
hour:2024-04-09 16	15
hour:2024-04-09 17	14
hour:2024-04-09 18	15
hour:2024-04-09 19	19
hour:2024-04-09 20	13
hour:2024-04-09 21	2
hour:2024-04-09 22	3
hour:2024-04-09 23	4
hour:2024-04-10 00	2
hour:2024-04-10 01	4
hour:2024-04-10 02	9
hour:2024-04-10 03	8
hour:2024-04-10 04	4
hour:2024-04-10 05	7
hour:2024-04-10 06	4
hour:2024-04-10 07	5
hour:2024-04-10 08	18
hour:2024-04-10 09	27
hour:2024-04-10 10	13
hour:2024-04-10 11	23
hour:2024-04-10 12	19
hour:2024-04-10 13	17
hour:2024-04-10 14	25
hour:2024-04-10 15	17
hour:2024-04-10 16	15
hour:2024-04-10 17	14
hour:2024-04-10 18	20
hour:2024-04-10 19	20
hour:2024-04-10 20	25
hour:2024-04-10 21	5
hour:2024-04-10 22	4
hour:2024-04-10 23	5
hour:2024-04-11 00	4
hour:2024-04-11 01	3
hour:2024-04-11 02	3
hour:2024-04-11 03	5
hour:2024-04-11 04	6
hour:2024-04-11 05	6
hour:2024-04-11 06	4
hour:2024-04-11 07	5
hour:2024-04-11 08	17
hour:2024-04-11 09	10
hour:2024-04-11 10	11
hour:2024-04-11 11	19
hour:2024-04-11 12	23
hour:2024-04-11 13	16
hour:2024-04-11 14	16
hour:2024-04-11 15	21
hour:2024-04-11 16	14
hour:2024-04-11 17	19
hour:2024-04-11 18	14
hour:2024-04-11 19	16
hour:2024-04-11 20	21
hour:2024-04-11 21	2
hour:2024-04-11 22	3
hour:2024-04-11 23	7
hour:2024-04-12 00	2
hour:2024-04-12 01	4
hour:2024-04-12 02	8
hour:2024-04-12 03	2
hour:2024-04-12 04	8
hour:2024-04-12 05	7
hour:2024-04-12 06	6
hour:2024-04-12 07	2
hour:2024-04-12 08	15
hour:2024-04-12 09	18
hour:2024-04-12 10	16
hour:2024-04-12 11	19
hour:2024-04-12 12	20
hour:2024-04-12 13	14
hour:2024-04-12 14	23
hour:2024-04-12 15	19
hour:2024-04-12 16	18
hour:2024-04-12 17	21
hour:2024-04-12 18	23
hour:2024-04-12 19	14
hour:2024-04-12 20	20
hour:2024-04-12 22	3
hour:2024-04-12 23	3
hour:2024-04-13 00	3
hour:2024-04-13 01	7
hour:2024-04-13 02	2
hour:2024-04-13 03	2
hour:2024-04-13 04	7
hour:2024-04-13 05	6
hour:2024-04-13 06	3
hour:2024-04-13 07	4
hour:2024-04-13 08	16
hour:2024-04-13 09	26
hour:2024-04-13 10	21
hour:2024-04-13 11	11
hour:2024-04-13 12	10
hour:2024-04-13 13	16
hour:2024-04-13 14	13
hour:2024-04-13 15	25
hour:2024-04-13 16	28
hour:2024-04-13 17	18
hour:2024-04-13 18	11
hour:2024-04-13 19	15
hour:2024-04-13 20	17
hour:2024-04-13 21	5
hour:2024-04-13 22	3
hour:2024-04-13 23	10
hour:2024-04-14 00	3
hour:2024-04-14 01	2
hour:2024-04-14 02	5
hour:2024-04-14 03	9
hour:2024-04-14 04	10
hour:2024-04-14 05	5
hour:2024-04-14 06	4
hour:2024-04-14 07	4
hour:2024-04-14 08	21
hour:2024-04-14 09	19
hour:2024-04-14 10	16
hour:2024-04-14 11	20
hour:2024-04-14 12	14
hour:2024-04-14 13	21
hour:2024-04-14 14	17
hour:2024-04-14 15	16
hour:2024-04-14 16	15
hour:2024-04-14 17	18
hour:2024-04-14 18	12
hour:2024-04-14 19	19
hour:2024-04-14 20	16
hour:2024-04-14 21	4
hour:2024-04-14 22	5
hour:2024-04-14 23	5
hour:2024-04-15 00	9
hour:2024-04-15 01	3
hour:2024-04-15 02	6
hour:2024-04-15 03	2
hour:2024-04-15 04	5
hour:2024-04-15 05	6
hour:2024-04-15 06	9
hour:2024-04-15 07	6
hour:2024-04-15 08	16
hour:2024-04-15 09	23
hour:2024-04-15 10	23
hour:2024-04-15 11	18
hour:2024-04-15 12	30
hour:2024-04-15 13	25
hour:2024-04-15 14	19
hour:2024-04-15 15	10
hour:2024-04-15 16	17
hour:2024-04-15 17	17
hour:2024-04-15 18	25
hour:2024-04-15 19	23
hour:2024-04-15 20	18
hour:2024-04-15 21	6
hour:2024-04-15 22	1
hour:2024-04-15 23	3
hour:2024-04-16 00	4
hour:2024-04-16 01	8
hour:2024-04-16 02	3
hour:2024-04-16 03	3
hour:2024-04-16 04	7
hour:2024-04-16 05	2
hour:2024-04-16 06	4
hour:2024-04-16 07	3
hour:2024-04-16 08	16
hour:2024-04-16 09	18
hour:2024-04-16 10	25
hour:2024-04-16 11	10
hour:2024-04-16 12	15
hour:2024-04-16 13	19
hour:2024-04-16 14	13
hour:2024-04-16 15	18
hour:2024-04-16 16	15
hour:2024-04-16 17	14
hour:2024-04-16 18	12
hour:2024-04-16 19	19
hour:2024-04-16 20	23
hour:2024-04-16 21	2
hour:2024-04-16 22	2
hour:2024-04-16 23	3
hour:2024-04-17 00	5
hour:2024-04-17 01	6
hour:2024-04-17 02	7
hour:2024-04-17 03	6
hour:2024-04-17 04	3
hour:2024-04-17 05	3
hour:2024-04-17 06	4
hour:2024-04-17 07	4
hour:2024-04-17 08	25
hour:2024-04-17 09	19
hour:2024-04-17 10	14
hour:2024-04-17 11	12
hour:2024-04-17 12	21
hour:2024-04-17 13	14
hour:2024-04-17 14	23
hour:2024-04-17 15	25
hour:2024-04-17 16	22
hour:2024-04-17 17	24
hour:2024-04-17 18	21
hour:2024-04-17 19	24
hour:2024-04-17 20	16
hour:2024-04-17 21	4
hour:2024-04-17 22	5
hour:2024-04-17 23	4
hour:2024-04-18 00	5
hour:2024-04-18 02	5
hour:2024-04-18 03	4
hour:2024-04-18 04	8
hour:2024-04-18 05	5
hour:2024-04-18 06	5
hour:2024-04-18 08	14
hour:2024-04-18 09	15
hour:2024-04-18 10	22
hour:2024-04-18 11	16
hour:2024-04-18 12	25
hour:2024-04-18 13	27
hour:2024-04-18 14	21
hour:2024-04-18 15	19
hour:2024-04-18 16	21
hour:2024-04-18 17	22
hour:2024-04-18 18	18
hour:2024-04-18 19	14
hour:2024-04-18 20	23
hour:2024-04-18 21	6
hour:2024-04-18 22	5
hour:2024-04-18 23	2
hour:2024-04-19 00	5
hour:2024-04-19 01	5
hour:2024-04-19 02	5
hour:2024-04-19 03	6
hour:2024-04-19 04	4
hour:2024-04-19 05	3
hour:2024-04-19 06	3
hour:2024-04-19 07	1
hour:2024-04-19 08	22
hour:2024-04-19 09	13
hour:2024-04-19 10	17
hour:2024-04-19 11	10
hour:2024-04-19 12	16
hour:2024-04-19 13	19
hour:2024-04-19 14	20
hour:2024-04-19 15	23
hour:2024-04-19 16	15
hour:2024-04-19 17	16
hour:2024-04-19 18	14
hour:2024-04-19 19	16
hour:2024-04-19 20	24
hour:2024-04-19 21	4
hour:2024-04-19 22	3
hour:2024-04-19 23	7
hour:2024-04-20 00	6
hour:2024-04-20 01	7
hour:2024-04-20 02	4
hour:2024-04-20 03	6
hour:2024-04-20 04	4
hour:2024-04-20 05	5
hour:2024-04-20 06	2
hour:2024-04-20 07	3
hour:2024-04-20 08	26
hour:2024-04-20 09	21
hour:2024-04-20 10	13
hour:2024-04-20 11	13
hour:2024-04-20 12	14
hour:2024-04-20 13	18
hour:2024-04-20 14	24
hour:2024-04-20 15	14
hour:2024-04-20 16	14
hour:2024-04-20 17	20
hour:2024-04-20 18	17
hour:2024-04-20 19	19
hour:2024-04-20 20	16
hour:2024-04-20 21	9
hour:2024-04-20 23	7
hour:2024-04-21 00	1
hour:2024-04-21 01	1
hour:2024-04-21 02	6
hour:2024-04-21 03	2
hour:2024-04-21 04	3
hour:2024-04-21 05	3
hour:2024-04-21 06	5
hour:2024-04-21 07	1
hour:2024-04-21 08	21
hour:2024-04-21 09	13
hour:2024-04-21 10	11
hour:2024-04-21 11	22
hour:2024-04-21 12	17
hour:2024-04-21 13	20
hour:2024-04-21 14	23
hour:2024-04-21 15	15
hour:2024-04-21 16	26
hour:2024-04-21 17	14
hour:2024-04-21 18	18
hour:2024-04-21 19	20
hour:2024-04-21 20	22
hour:2024-04-21 21	4
hour:2024-04-21 22	4
hour:2024-04-21 23	1
hour:2024-04-22 00	8
hour:2024-04-22 01	5
hour:2024-04-22 02	7
hour:2024-04-22 03	2
hour:2024-04-22 04	5
hour:2024-04-22 05	7
hour:2024-04-22 06	5
hour:2024-04-22 07	4
hour:2024-04-22 08	11
hour:2024-04-22 09	11
hour:2024-04-22 10	20
hour:2024-04-22 11	12
hour:2024-04-22 12	19
hour:2024-04-22 13	20
hour:2024-04-22 14	12
hour:2024-04-22 15	16
hour:2024-04-22 16	15
hour:2024-04-22 17	13
hour:2024-04-22 18	18
hour:2024-04-22 19	18
hour:2024-04-22 20	17
hour:2024-04-22 21	4
hour:2024-04-22 22	6
hour:2024-04-22 23	3
hour:2024-04-23 00	8
hour:2024-04-23 01	2
hour:2024-04-23 02	1
hour:2024-04-23 03	8
hour:2024-04-23 04	5
hour:2024-04-23 05	3
hour:2024-04-23 06	4
hour:2024-04-23 07	3
hour:2024-04-23 08	18
hour:2024-04-23 09	7
hour:2024-04-23 10	21
hour:2024-04-23 11	15
hour:2024-04-23 12	18
hour:2024-04-23 13	15
hour:2024-04-23 14	22
hour:2024-04-23 15	15
hour:2024-04-23 16	20
hour:2024-04-23 17	23
hour:2024-04-23 18	14
hour:2024-04-23 19	22
hour:2024-04-23 20	13
hour:2024-04-23 21	6
hour:2024-04-23 22	5
hour:2024-04-23 23	4
hour:2024-04-24 00	4
hour:2024-04-24 01	5
hour:2024-04-24 02	6
hour:2024-04-24 03	8
hour:2024-04-24 04	3
hour:2024-04-24 05	4
hour:2024-04-24 06	4
hour:2024-04-24 07	4
hour:2024-04-24 08	19
hour:2024-04-24 09	8
hour:2024-04-24 10	23
hour:2024-04-24 11	15
hour:2024-04-24 12	18
hour:2024-04-24 13	15
hour:2024-04-24 14	13
hour:2024-04-24 15	16
hour:2024-04-24 16	15
hour:2024-04-24 17	14
hour:2024-04-24 18	18
hour:2024-04-24 19	22
hour:2024-04-24 20	27
hour:2024-04-24 21	3
hour:2024-04-24 22	1
hour:2024-04-24 23	8
hour:2024-04-25 00	3
hour:2024-04-25 01	2
hour:2024-04-25 02	5
hour:2024-04-25 03	6
hour:2024-04-25 04	3
hour:2024-04-25 05	7
hour:2024-04-25 06	8
hour:2024-04-25 07	5
hour:2024-04-25 08	18
hour:2024-04-25 09	21
hour:2024-04-25 10	15
hour:2024-04-25 11	23
hour:2024-04-25 12	20
hour:2024-04-25 13	16
hour:2024-04-25 14	28
hour:2024-04-25 15	16
hour:2024-04-25 16	10
hour:2024-04-25 17	15
hour:2024-04-25 18	11
hour:2024-04-25 19	23
hour:2024-04-25 20	15
hour:2024-04-25 21	5
hour:2024-04-25 22	7
hour:2024-04-25 23	4
hour:2024-04-26 00	4
hour:2024-04-26 01	8
hour:2024-04-26 02	6
hour:2024-04-26 03	4
hour:2024-04-26 04	3
hour:2024-04-26 05	7
hour:2024-04-26 06	2
hour:2024-04-26 07	4
hour:2024-04-26 08	13
hour:2024-04-26 09	20
hour:2024-04-26 10	16
hour:2024-04-26 11	16
hour:2024-04-26 12	18
hour:2024-04-26 13	13
hour:2024-04-26 14	14
hour:2024-04-26 15	29
hour:2024-04-26 16	19
hour:2024-04-26 17	13
hour:2024-04-26 18	16
hour:2024-04-26 19	18
hour:2024-04-26 20	17
hour:2024-04-26 21	3
hour:2024-04-26 22	7
hour:2024-04-26 23	8
hour:2024-04-27 00	4
hour:2024-04-27 01	2
hour:2024-04-27 02	8
hour:2024-04-27 03	6
hour:2024-04-27 04	4
hour:2024-04-27 05	7
hour:2024-04-27 06	4
hour:2024-04-27 07	6
hour:2024-04-27 08	19
hour:2024-04-27 09	9
hour:2024-04-27 10	18
hour:2024-04-27 11	19
hour:2024-04-27 12	18
hour:2024-04-27 13	19
hour:2024-04-27 14	20
hour:2024-04-27 15	18
hour:2024-04-27 16	20
hour:2024-04-27 17	20
hour:2024-04-27 18	13
hour:2024-04-27 19	15
hour:2024-04-27 20	19
hour:2024-04-27 21	4
hour:2024-04-27 22	8
hour:2024-04-27 23	2
hour:2024-04-28 00	5
hour:2024-04-28 01	8
hour:2024-04-28 02	3
hour:2024-04-28 03	9
hour:2024-04-28 04	5
hour:2024-04-28 05	3
hour:2024-04-28 06	5
hour:2024-04-28 07	3
hour:2024-04-28 08	17
hour:2024-04-28 09	25
hour:2024-04-28 10	21
hour:2024-04-28 11	18
hour:2024-04-28 12	12
hour:2024-04-28 13	19
hour:2024-04-28 14	21
hour:2024-04-28 15	17
hour:2024-04-28 16	21
hour:2024-04-28 17	19
hour:2024-04-28 18	20
hour:2024-04-28 19	16
hour:2024-04-28 20	27
hour:2024-04-28 21	6
hour:2024-04-28 22	3
hour:2024-04-28 23	7
hour:2024-04-29 00	1
hour:2024-04-29 01	2
hour:2024-04-29 02	7
hour:2024-04-29 03	5
hour:2024-04-29 04	5
hour:2024-04-29 05	4
hour:2024-04-29 06	5
hour:2024-04-29 07	5
hour:2024-04-29 08	16
hour:2024-04-29 09	13
hour:2024-04-29 10	18
hour:2024-04-29 11	18
hour:2024-04-29 12	20
hour:2024-04-29 13	18
hour:2024-04-29 14	17
hour:2024-04-29 15	14
hour:2024-04-29 16	21
hour:2024-04-29 17	19
hour:2024-04-29 18	15
hour:2024-04-29 19	26
hour:2024-04-29 20	14
hour:2024-04-29 21	5
hour:2024-04-29 22	7
hour:2024-04-29 23	9
hour:2024-04-30 00	3
hour:2024-04-30 02	4
hour:2024-04-30 03	4
hour:2024-04-30 04	8
hour:2024-04-30 05	5
hour:2024-04-30 06	4
hour:2024-04-30 07	4
hour:2024-04-30 08	15
hour:2024-04-30 09	15
hour:2024-04-30 10	20
hour:2024-04-30 11	18
hour:2024-04-30 12	18
hour:2024-04-30 13	22
hour:2024-04-30 14	20
hour:2024-04-30 15	20
hour:2024-04-30 16	26
hour:2024-04-30 17	19
hour:2024-04-30 18	19
hour:2024-04-30 19	14
hour:2024-04-30 20	15
hour:2024-04-30 21	3
hour:2024-04-30 22	3
hour:2024-04-30 23	3
hour:2024-05-01 00	4
hour:2024-05-01 01	1
hour:2024-05-01 02	4
hour:2024-05-01 03	2
hour:2024-05-01 04	8
hour:2024-05-01 05	3
hour:2024-05-01 06	6
hour:2024-05-01 07	4
hour:2024-05-01 08	13
hour:2024-05-01 09	16
hour:2024-05-01 10	10
hour:2024-05-01 11	21
hour:2024-05-01 12	21
hour:2024-05-01 13	23
hour:2024-05-01 14	17
hour:2024-05-01 15	10
hour:2024-05-01 16	21
hour:2024-05-01 17	14
hour:2024-05-01 18	16
hour:2024-05-01 19	20
hour:2024-05-01 20	21
hour:2024-05-01 21	5
hour:2024-05-01 22	5
hour:2024-05-01 23	3
hour:2024-05-02 00	2
hour:2024-05-02 01	8
hour:2024-05-02 02	4
hour:2024-05-02 03	5
hour:2024-05-02 04	2
hour:2024-05-02 05	5
hour:2024-05-02 06	10
hour:2024-05-02 07	5
hour:2024-05-02 08	13
hour:2024-05-02 09	19
hour:2024-05-02 10	16
hour:2024-05-02 11	14
hour:2024-05-02 12	17
hour:2024-05-02 13	15
hour:2024-05-02 14	18
hour:2024-05-02 15	21
hour:2024-05-02 16	23
hour:2024-05-02 17	18
hour:2024-05-02 18	17
hour:2024-05-02 19	21
hour:2024-05-02 20	18
hour:2024-05-02 21	2
hour:2024-05-02 22	5
hour:2024-05-02 23	4
hour:2024-05-03 01	4
hour:2024-05-03 02	6
hour:2024-05-03 03	3
hour:2024-05-03 04	6
hour:2024-05-03 05	5
hour:2024-05-03 06	1
hour:2024-05-03 07	5
hour:2024-05-03 08	16
hour:2024-05-03 09	16
hour:2024-05-03 10	21
hour:2024-05-03 11	21
hour:2024-05-03 12	18
hour:2024-05-03 13	17
hour:2024-05-03 14	19
hour:2024-05-03 15	16
hour:2024-05-03 16	14
hour:2024-05-03 17	17
hour:2024-05-03 18	19
hour:2024-05-03 19	19
hour:2024-05-03 20	17
hour:2024-05-03 21	4
hour:2024-05-03 22	4
hour:2024-05-03 23	1
hour:2024-05-04 00	4
hour:2024-05-04 01	4
hour:2024-05-04 02	4
hour:2024-05-04 03	5
hour:2024-05-04 04	4
hour:2024-05-04 05	3
hour:2024-05-04 06	9
hour:2024-05-04 07	6
hour:2024-05-04 08	15
hour:2024-05-04 09	18
hour:2024-05-04 10	18
hour:2024-05-04 11	13
hour:2024-05-04 12	21
hour:2024-05-04 13	19
hour:2024-05-04 14	13
hour:2024-05-04 15	18
hour:2024-05-04 16	18
hour:2024-05-04 17	16
hour:2024-05-04 18	17
hour:2024-05-04 19	16
hour:2024-05-04 20	20
hour:2024-05-04 21	6
hour:2024-05-04 22	8
hour:2024-05-04 23	6
hour:2024-05-05 00	2
hour:2024-05-05 01	5
hour:2024-05-05 02	4
hour:2024-05-05 03	3
hour:2024-05-05 04	5
hour:2024-05-05 05	4
hour:2024-05-05 06	4
hour:2024-05-05 07	7
hour:2024-05-05 08	16
hour:2024-05-05 09	17
hour:2024-05-05 10	16
hour:2024-05-05 11	18
hour:2024-05-05 12	17
hour:2024-05-05 13	19
hour:2024-05-05 14	18
hour:2024-05-05 15	24
hour:2024-05-05 16	22
hour:2024-05-05 17	17
hour:2024-05-05 18	15
hour:2024-05-05 19	17
hour:2024-05-05 20	19
hour:2024-05-05 21	6
hour:2024-05-05 22	3
hour:2024-05-05 23	1
hour:2024-05-06 00	1
hour:2024-05-06 01	1
hour:2024-05-06 02	8
hour:2024-05-06 03	3
hour:2024-05-06 04	5
hour:2024-05-06 05	5
hour:2024-05-06 06	2
hour:2024-05-06 07	4
hour:2024-05-06 08	15
hour:2024-05-06 09	15
hour:2024-05-06 10	14
hour:2024-05-06 11	23
hour:2024-05-06 12	15
hour:2024-05-06 13	13
hour:2024-05-06 14	19
hour:2024-05-06 15	10
hour:2024-05-06 16	18
hour:2024-05-06 17	16
hour:2024-05-06 18	14
hour:2024-05-06 19	17
hour:2024-05-06 20	21
hour:2024-05-06 21	4
hour:2024-05-06 22	3
hour:2024-05-06 23	5
hour:2024-05-07 00	4
hour:2024-05-07 01	4
hour:2024-05-07 02	4
hour:2024-05-07 03	8
hour:2024-05-07 04	2
hour:2024-05-07 05	2
hour:2024-05-07 06	2
hour:2024-05-07 07	7
hour:2024-05-07 08	18
hour:2024-05-07 09	28
hour:2024-05-07 10	21
hour:2024-05-07 11	17
hour:2024-05-07 12	16
hour:2024-05-07 13	15
hour:2024-05-07 14	10
hour:2024-05-07 15	15
hour:2024-05-07 16	15
hour:2024-05-07 17	17
hour:2024-05-07 18	28
hour:2024-05-07 19	11
hour:2024-05-07 20	19
hour:2024-05-07 21	3
hour:2024-05-07 22	4
hour:2024-05-07 23	6
hour:2024-05-08 00	6
hour:2024-05-08 01	2
hour:2024-05-08 02	4
hour:2024-05-08 03	1
hour:2024-05-08 05	8
hour:2024-05-08 06	4
hour:2024-05-08 07	5
hour:2024-05-08 08	16
hour:2024-05-08 09	11
hour:2024-05-08 10	13
hour:2024-05-08 11	17
hour:2024-05-08 12	21
hour:2024-05-08 13	22
hour:2024-05-08 14	14
hour:2024-05-08 15	20
hour:2024-05-08 16	15
hour:2024-05-08 17	22
hour:2024-05-08 18	15
hour:2024-05-08 19	15
hour:2024-05-08 20	11
hour:2024-05-08 21	3
hour:2024-05-08 22	3
hour:2024-05-08 23	5
hour:2024-05-09 00	7
hour:2024-05-09 01	7
hour:2024-05-09 02	5
hour:2024-05-09 03	4
hour:2024-05-09 04	2
hour:2024-05-09 05	2
hour:2024-05-09 06	9
hour:2024-05-09 07	6
hour:2024-05-09 08	21
hour:2024-05-09 09	13
hour:2024-05-09 10	22
hour:2024-05-09 11	11
hour:2024-05-09 12	19
hour:2024-05-09 13	21
hour:2024-05-09 14	18
hour:2024-05-09 15	19
hour:2024-05-09 16	14
hour:2024-05-09 17	14
hour:2024-05-09 18	18
hour:2024-05-09 19	16
hour:2024-05-09 20	15
hour:2024-05-09 21	7
hour:2024-05-09 22	4
hour:2024-05-09 23	7
hour:2024-05-10 00	4
hour:2024-05-10 01	7
hour:2024-05-10 02	3
hour:2024-05-10 03	3
hour:2024-05-10 04	2
hour:2024-05-10 05	6
hour:2024-05-10 06	5
hour:2024-05-10 07	6
hour:2024-05-10 08	20
hour:2024-05-10 09	11
hour:2024-05-10 10	14
hour:2024-05-10 11	15
hour:2024-05-10 12	17
hour:2024-05-10 13	28
hour:2024-05-10 14	15
hour:2024-05-10 15	15
hour:2024-05-10 16	18
hour:2024-05-10 17	13
hour:2024-05-10 18	14
hour:2024-05-10 19	25
hour:2024-05-10 20	19
hour:2024-05-10 21	3
hour:2024-05-10 22	7
hour:2024-05-10 23	7
hour:2024-05-11 00	3
hour:2024-05-11 01	2
hour:2024-05-11 02	2
hour:2024-05-11 03	7
hour:2024-05-11 04	4
hour:2024-05-11 05	3
hour:2024-05-11 06	1
hour:2024-05-11 07	2
hour:2024-05-11 08	19
hour:2024-05-11 09	14
hour:2024-05-11 10	17
hour:2024-05-11 11	20
hour:2024-05-11 12	24
hour:2024-05-11 13	17
hour:2024-05-11 14	17
hour:2024-05-11 15	19
hour:2024-05-11 16	26
hour:2024-05-11 17	20
hour:2024-05-11 18	15
hour:2024-05-11 19	12
hour:2024-05-11 20	16
hour:2024-05-11 21	4
hour:2024-05-11 22	3
hour:2024-05-11 23	6
hour:2024-05-12 00	6
hour:2024-05-12 01	2
hour:2024-05-12 02	6
hour:2024-05-12 03	9
hour:2024-05-12 04	5
hour:2024-05-12 05	3
hour:2024-05-12 06	3
hour:2024-05-12 07	3
hour:2024-05-12 08	14
hour:2024-05-12 09	17
hour:2024-05-12 10	21
hour:2024-05-12 11	16
hour:2024-05-12 12	11
hour:2024-05-12 13	10
hour:2024-05-12 14	24
hour:2024-05-12 15	17
hour:2024-05-12 16	14
hour:2024-05-12 17	18
hour:2024-05-12 18	22
hour:2024-05-12 19	15
hour:2024-05-12 20	19
hour:2024-05-12 21	7
hour:2024-05-12 22	7
hour:2024-05-12 23	6
hour:2024-05-13 00	4
hour:2024-05-13 01	4
hour:2024-05-13 02	5
hour:2024-05-13 03	5
hour:2024-05-13 04	5
hour:2024-05-13 05	6
hour:2024-05-13 06	3
hour:2024-05-13 07	4
hour:2024-05-13 08	15
hour:2024-05-13 09	14
hour:2024-05-13 10	23
hour:2024-05-13 11	13
hour:2024-05-13 12	21
hour:2024-05-13 13	14
hour:2024-05-13 14	16
hour:2024-05-13 15	21
hour:2024-05-13 16	14
hour:2024-05-13 17	19
hour:2024-05-13 18	16
hour:2024-05-13 19	14
hour:2024-05-13 20	15
hour:2024-05-13 21	5
hour:2024-05-13 22	2
hour:2024-05-13 23	2
hour:2024-05-14 00	3
hour:2024-05-14 01	4
hour:2024-05-14 02	5
hour:2024-05-14 03	6
hour:2024-05-14 04	3
hour:2024-05-14 05	7
hour:2024-05-14 06	6
hour:2024-05-14 07	3
hour:2024-05-14 08	19
hour:2024-05-14 09	14
hour:2024-05-14 10	14
hour:2024-05-14 11	13
hour:2024-05-14 12	20
hour:2024-05-14 13	22
hour:2024-05-14 14	15
hour:2024-05-14 15	15
hour:2024-05-14 16	13
hour:2024-05-14 17	11
hour:2024-05-14 18	12
hour:2024-05-14 19	19
hour:2024-05-14 20	14
hour:2024-05-14 21	5
hour:2024-05-14 22	4
hour:2024-05-14 23	4
hour:2024-05-15 00	6
hour:2024-05-15 01	5
hour:2024-05-15 02	8
hour:2024-05-15 03	4
hour:2024-05-15 04	1
hour:2024-05-15 05	6
hour:2024-05-15 06	9
hour:2024-05-15 07	12
hour:2024-05-15 08	11
hour:2024-05-15 09	14
hour:2024-05-15 10	16
hour:2024-05-15 11	21
hour:2024-05-15 12	19
hour:2024-05-15 13	12
hour:2024-05-15 14	15
hour:2024-05-15 15	16
hour:2024-05-15 16	11
hour:2024-05-15 17	13
hour:2024-05-15 18	24
hour:2024-05-15 19	24
hour:2024-05-15 20	23
hour:2024-05-15 21	2
hour:2024-05-15 22	8
hour:2024-05-15 23	4
hour:2024-05-16 00	6
hour:2024-05-16 01	5
hour:2024-05-16 02	3
hour:2024-05-16 03	2
hour:2024-05-16 04	1
hour:2024-05-16 05	5
hour:2024-05-16 06	4
hour:2024-05-16 07	4
hour:2024-05-16 08	14
hour:2024-05-16 09	18
hour:2024-05-16 10	18
hour:2024-05-16 11	21
hour:2024-05-16 12	23
hour:2024-05-16 13	13
hour:2024-05-16 14	17
hour:2024-05-16 15	22
hour:2024-05-16 16	19
hour:2024-05-16 17	10
hour:2024-05-16 18	14
hour:2024-05-16 19	16
hour:2024-05-16 20	14
hour:2024-05-16 21	4
hour:2024-05-16 22	5
hour:2024-05-16 23	7
hour:2024-05-17 00	1
hour:2024-05-17 01	4
hour:2024-05-17 02	6
hour:2024-05-17 03	7
hour:2024-05-17 04	7
hour:2024-05-17 05	2
hour:2024-05-17 06	1
hour:2024-05-17 07	4
hour:2024-05-17 08	14
hour:2024-05-17 09	25
hour:2024-05-17 10	12
hour:2024-05-17 11	17
hour:2024-05-17 12	13
hour:2024-05-17 13	13
hour:2024-05-17 14	15
hour:2024-05-17 15	24
hour:2024-05-17 16	15
hour:2024-05-17 17	13
hour:2024-05-17 18	24
hour:2024-05-17 19	14
hour:2024-05-17 20	15
hour:2024-05-17 21	4
hour:2024-05-17 22	3
hour:2024-05-17 23	3
hour:2024-05-18 00	2
hour:2024-05-18 01	3
hour:2024-05-18 02	6
hour:2024-05-18 03	7
hour:2024-05-18 04	4
hour:2024-05-18 05	5
hour:2024-05-18 06	3
hour:2024-05-18 07	4
hour:2024-05-18 08	21
hour:2024-05-18 09	17
hour:2024-05-18 10	24
hour:2024-05-18 11	15
hour:2024-05-18 12	11
hour:2024-05-18 13	15
hour:2024-05-18 14	19
hour:2024-05-18 15	14
hour:2024-05-18 16	12
hour:2024-05-18 17	17
hour:2024-05-18 18	21
hour:2024-05-18 19	16
hour:2024-05-18 20	19
hour:2024-05-18 21	3
hour:2024-05-18 22	3
hour:2024-05-18 23	1
hour:2024-05-19 00	5
hour:2024-05-19 01	8
hour:2024-05-19 02	5
hour:2024-05-19 03	5
hour:2024-05-19 04	6
hour:2024-05-19 05	5
hour:2024-05-19 06	9
hour:2024-05-19 07	7
hour:2024-05-19 08	23
hour:2024-05-19 09	17
hour:2024-05-19 10	11
hour:2024-05-19 11	14
hour:2024-05-19 12	21
hour:2024-05-19 13	17
hour:2024-05-19 14	14
hour:2024-05-19 15	11
hour:2024-05-19 16	25
hour:2024-05-19 17	16
hour:2024-05-19 18	21
hour:2024-05-19 19	23
hour:2024-05-19 20	8
hour:2024-05-19 21	3
hour:2024-05-19 22	4
hour:2024-05-19 23	4
hour:2024-05-20 00	4
hour:2024-05-20 01	3
hour:2024-05-20 02	4
hour:2024-05-20 03	3
hour:2024-05-20 04	5
hour:2024-05-20 05	3
hour:2024-05-20 06	5
hour:2024-05-20 07	3
hour:2024-05-20 08	13
hour:2024-05-20 09	21
hour:2024-05-20 10	21
hour:2024-05-20 11	22
hour:2024-05-20 12	15
hour:2024-05-20 13	21
hour:2024-05-20 14	12
hour:2024-05-20 15	19
hour:2024-05-20 16	20
hour:2024-05-20 17	11
hour:2024-05-20 18	16
hour:2024-05-20 19	21
hour:2024-05-20 20	13
hour:2024-05-20 21	5
hour:2024-05-20 22	6
hour:2024-05-20 23	3
hour:2024-05-21 00	9
hour:2024-05-21 01	8
hour:2024-05-21 02	1
hour:2024-05-21 03	3
hour:2024-05-21 04	1
hour:2024-05-21 05	4
hour:2024-05-21 06	5
hour:2024-05-21 07	5
hour:2024-05-21 08	15
hour:2024-05-21 09	23
hour:2024-05-21 10	17
hour:2024-05-21 11	17
hour:2024-05-21 12	20
hour:2024-05-21 13	18
hour:2024-05-21 14	20
hour:2024-05-21 15	18
hour:2024-05-21 16	22
hour:2024-05-21 17	22
hour:2024-05-21 18	18
hour:2024-05-21 19	14
hour:2024-05-21 20	16
hour:2024-05-21 21	4
hour:2024-05-21 22	6
hour:2024-05-21 23	8
hour:2024-05-22 00	4
hour:2024-05-22 01	6
hour:2024-05-22 02	3
hour:2024-05-22 03	3
hour:2024-05-22 04	5
hour:2024-05-22 05	5
hour:2024-05-22 06	3
hour:2024-05-22 07	8
hour:2024-05-22 08	21
hour:2024-05-22 09	16
hour:2024-05-22 10	13
hour:2024-05-22 11	14
hour:2024-05-22 12	18
hour:2024-05-22 13	10
hour:2024-05-22 14	17
hour:2024-05-22 15	14
hour:2024-05-22 16	20
hour:2024-05-22 17	12
hour:2024-05-22 18	22
hour:2024-05-22 19	17
hour:2024-05-22 20	12
hour:2024-05-22 21	5
hour:2024-05-22 23	3
hour:2024-05-23 00	1
hour:2024-05-23 01	4
hour:2024-05-23 02	6
hour:2024-05-23 03	5
hour:2024-05-23 04	9
hour:2024-05-23 05	4
hour:2024-05-23 06	5
hour:2024-05-23 07	3
hour:2024-05-23 08	17
hour:2024-05-23 09	16
hour:2024-05-23 10	22
hour:2024-05-23 11	21
hour:2024-05-23 12	17
hour:2024-05-23 13	14
hour:2024-05-23 14	25
hour:2024-05-23 15	25
hour:2024-05-23 16	16
hour:2024-05-23 17	19
hour:2024-05-23 18	23
hour:2024-05-23 19	16
hour:2024-05-23 20	14
hour:2024-05-23 21	4
hour:2024-05-23 22	3
hour:2024-05-23 23	4
hour:2024-05-24 00	2
hour:2024-05-24 01	5
hour:2024-05-24 02	6
hour:2024-05-24 03	5
hour:2024-05-24 04	3
hour:2024-05-24 05	9
hour:2024-05-24 06	2
hour:2024-05-24 07	7
hour:2024-05-24 08	19
hour:2024-05-24 09	20
hour:2024-05-24 10	13
hour:2024-05-24 11	13
hour:2024-05-24 12	10
hour:2024-05-24 13	19
hour:2024-05-24 14	24
hour:2024-05-24 15	22
hour:2024-05-24 16	18
hour:2024-05-24 17	12
hour:2024-05-24 18	21
hour:2024-05-24 19	18
hour:2024-05-24 20	14
hour:2024-05-24 21	4
hour:2024-05-24 22	5
hour:2024-05-24 23	7
hour:2024-05-25 00	6
hour:2024-05-25 01	4
hour:2024-05-25 02	3
hour:2024-05-25 03	5
hour:2024-05-25 04	5
hour:2024-05-25 05	3
hour:2024-05-25 06	4
hour:2024-05-25 07	8
hour:2024-05-25 08	21
hour:2024-05-25 09	12
hour:2024-05-25 10	14
hour:2024-05-25 11	18
hour:2024-05-25 12	14
hour:2024-05-25 13	9
hour:2024-05-25 14	24
hour:2024-05-25 15	18
hour:2024-05-25 16	19
hour:2024-05-25 17	15
hour:2024-05-25 18	21
hour:2024-05-25 19	14
hour:2024-05-25 20	29
hour:2024-05-25 21	1
hour:2024-05-25 22	7
hour:2024-05-25 23	3
hour:2024-05-26 00	2
hour:2024-05-26 01	6
hour:2024-05-26 02	4
hour:2024-05-26 03	5
hour:2024-05-26 04	7
hour:2024-05-26 05	3
hour:2024-05-26 06	4
hour:2024-05-26 07	5
hour:2024-05-26 08	23
hour:2024-05-26 09	21
hour:2024-05-26 10	14
hour:2024-05-26 11	17
hour:2024-05-26 12	25
hour:2024-05-26 13	11
hour:2024-05-26 14	20
hour:2024-05-26 15	22
hour:2024-05-26 16	17
hour:2024-05-26 17	20
hour:2024-05-26 18	18
hour:2024-05-26 19	16
hour:2024-05-26 20	17
hour:2024-05-26 21	3
hour:2024-05-26 22	5
hour:2024-05-26 23	4
hour:2024-05-27 00	5
hour:2024-05-27 01	4
hour:2024-05-27 02	3
hour:2024-05-27 03	7
hour:2024-05-27 04	6
hour:2024-05-27 05	5
hour:2024-05-27 06	6
hour:2024-05-27 07	2
hour:2024-05-27 08	19
hour:2024-05-27 09	22
hour:2024-05-27 10	29
hour:2024-05-27 11	16
hour:2024-05-27 12	18
hour:2024-05-27 13	18
hour:2024-05-27 14	26
hour:2024-05-27 15	15
hour:2024-05-27 16	13
hour:2024-05-27 17	20
hour:2024-05-27 18	19
hour:2024-05-27 19	14
hour:2024-05-27 20	15
hour:2024-05-27 21	6
hour:2024-05-27 22	4
hour:2024-05-27 23	4
hour:2024-05-28 00	2
hour:2024-05-28 01	5
hour:2024-05-28 02	2
hour:2024-05-28 03	2
hour:2024-05-28 04	6
hour:2024-05-28 05	5
hour:2024-05-28 06	6
hour:2024-05-28 07	5
hour:2024-05-28 08	28
hour:2024-05-28 09	17
hour:2024-05-28 10	17
hour:2024-05-28 11	13
hour:2024-05-28 12	15
hour:2024-05-28 13	17
hour:2024-05-28 14	26
hour:2024-05-28 15	13
hour:2024-05-28 16	19
hour:2024-05-28 17	20
hour:2024-05-28 18	12
hour:2024-05-28 19	21
hour:2024-05-28 20	15
hour:2024-05-28 21	3
hour:2024-05-28 22	2
hour:2024-05-28 23	3
hour:2024-05-29 00	5
hour:2024-05-29 01	1
hour:2024-05-29 02	3
hour:2024-05-29 03	3
hour:2024-05-29 04	7
hour:2024-05-29 05	4
hour:2024-05-29 06	2
hour:2024-05-29 07	4
hour:2024-05-29 08	20
hour:2024-05-29 09	25
hour:2024-05-29 10	19
hour:2024-05-29 11	13
hour:2024-05-29 12	18
hour:2024-05-29 13	16
hour:2024-05-29 14	11
hour:2024-05-29 15	17
hour:2024-05-29 16	21
hour:2024-05-29 17	13
hour:2024-05-29 18	15
hour:2024-05-29 19	14
hour:2024-05-29 20	21
hour:2024-05-29 21	5
hour:2024-05-29 22	2
hour:2024-05-29 23	3
hour:2024-05-30 00	6
hour:2024-05-30 01	2
hour:2024-05-30 02	8
hour:2024-05-30 03	3
hour:2024-05-30 04	4
hour:2024-05-30 05	3
hour:2024-05-30 06	3
hour:2024-05-30 07	2
hour:2024-05-30 08	20
hour:2024-05-30 09	18
hour:2024-05-30 10	15
hour:2024-05-30 11	21
hour:2024-05-30 12	19
hour:2024-05-30 13	15
hour:2024-05-30 14	13
hour:2024-05-30 15	17
hour:2024-05-30 16	16
hour:2024-05-30 17	13
hour:2024-05-30 18	12
hour:2024-05-30 19	13
hour:2024-05-30 20	12
hour:2024-05-30 21	2
hour:2024-05-30 22	5
hour:2024-05-30 23	7
hour:2024-05-31 00	2
hour:2024-05-31 01	5
hour:2024-05-31 02	9
hour:2024-05-31 03	4
hour:2024-05-31 04	4
hour:2024-05-31 05	6
hour:2024-05-31 06	2
hour:2024-05-31 07	6
hour:2024-05-31 08	17
hour:2024-05-31 09	19
hour:2024-05-31 10	20
hour:2024-05-31 11	15
hour:2024-05-31 12	10
hour:2024-05-31 13	23
hour:2024-05-31 14	30
hour:2024-05-31 15	16
hour:2024-05-31 16	17
hour:2024-05-31 17	18
hour:2024-05-31 18	13
hour:2024-05-31 19	18
hour:2024-05-31 20	16
hour:2024-05-31 21	4
hour:2024-05-31 22	1
hour:2024-05-31 23	2
hour:2024-06-01 00	5
hour:2024-06-01 01	5
hour:2024-06-01 02	2
hour:2024-06-01 03	7
hour:2024-06-01 04	6
hour:2024-06-01 05	4
hour:2024-06-01 06	5
hour:2024-06-01 07	4
hour:2024-06-01 08	24
hour:2024-06-01 09	16
hour:2024-06-01 10	16
hour:2024-06-01 11	12
hour:2024-06-01 12	12
hour:2024-06-01 13	9
hour:2024-06-01 14	30
hour:2024-06-01 15	16
hour:2024-06-01 16	33
hour:2024-06-01 17	14
hour:2024-06-01 18	19
hour:2024-06-01 19	8
hour:2024-06-01 20	21
hour:2024-06-01 21	5
hour:2024-06-01 22	3
hour:2024-06-01 23	4
hour:2024-06-02 00	5
hour:2024-06-02 01	6
hour:2024-06-02 02	7
hour:2024-06-02 03	3
hour:2024-06-02 04	7
hour:2024-06-02 05	3
hour:2024-06-02 06	4
hour:2024-06-02 07	8
hour:2024-06-02 08	18
hour:2024-06-02 09	12
hour:2024-06-02 10	24
hour:2024-06-02 11	21
hour:2024-06-02 12	18
hour:2024-06-02 13	20
hour:2024-06-02 14	22
hour:2024-06-02 15	27
hour:2024-06-02 16	20
hour:2024-06-02 17	21
hour:2024-06-02 18	25
hour:2024-06-02 19	15
hour:2024-06-02 20	22
hour:2024-06-02 21	7
hour:2024-06-02 22	7
hour:2024-06-02 23	3
hour:2024-06-03 00	7
hour:2024-06-03 01	9
hour:2024-06-03 02	3
hour:2024-06-03 03	4
hour:2024-06-03 04	5
hour:2024-06-03 05	7
hour:2024-06-03 06	6
hour:2024-06-03 07	9
hour:2024-06-03 08	14
hour:2024-06-03 09	21
hour:2024-06-03 10	21
hour:2024-06-03 11	22
hour:2024-06-03 12	15
hour:2024-06-03 13	21
hour:2024-06-03 14	17
hour:2024-06-03 15	15
hour:2024-06-03 16	19
hour:2024-06-03 17	18
hour:2024-06-03 18	18
hour:2024-06-03 19	27
hour:2024-06-03 20	13
hour:2024-06-03 21	1
hour:2024-06-03 22	3
hour:2024-06-03 23	5
hour:2024-06-04 00	2
hour:2024-06-04 01	1
hour:2024-06-04 02	5
hour:2024-06-04 03	4
hour:2024-06-04 04	4
hour:2024-06-04 05	5
hour:2024-06-04 06	3
hour:2024-06-04 07	5
hour:2024-06-04 08	18
hour:2024-06-04 09	13
hour:2024-06-04 10	10
hour:2024-06-04 11	12
hour:2024-06-04 12	17
hour:2024-06-04 13	13
hour:2024-06-04 14	20
hour:2024-06-04 15	16
hour:2024-06-04 16	19
hour:2024-06-04 17	22
hour:2024-06-04 18	15
hour:2024-06-04 19	13
hour:2024-06-04 20	12
hour:2024-06-04 21	8
hour:2024-06-04 22	5
hour:2024-06-04 23	4
hour:2024-06-05 00	9
hour:2024-06-05 01	3
hour:2024-06-05 02	3
hour:2024-06-05 03	3
hour:2024-06-05 04	2
hour:2024-06-05 05	6
hour:2024-06-05 06	5
hour:2024-06-05 07	8
hour:2024-06-05 08	14
hour:2024-06-05 09	13
hour:2024-06-05 10	13
hour:2024-06-05 11	17
hour:2024-06-05 12	8
hour:2024-06-05 13	18
hour:2024-06-05 14	19
hour:2024-06-05 15	15
hour:2024-06-05 16	19
hour:2024-06-05 17	20
hour:2024-06-05 18	22
hour:2024-06-05 19	20
hour:2024-06-05 20	13
hour:2024-06-05 21	3
hour:2024-06-05 22	5
hour:2024-06-05 23	5
hour:2024-06-06 00	3
hour:2024-06-06 01	4
hour:2024-06-06 02	4
hour:2024-06-06 03	5
hour:2024-06-06 05	3
hour:2024-06-06 06	4
hour:2024-06-06 07	2
hour:2024-06-06 08	20
hour:2024-06-06 09	16
hour:2024-06-06 10	18
hour:2024-06-06 11	18
hour:2024-06-06 12	13
hour:2024-06-06 13	14
hour:2024-06-06 14	13
hour:2024-06-06 15	14
hour:2024-06-06 16	15
hour:2024-06-06 17	18
hour:2024-06-06 18	16
hour:2024-06-06 19	19
hour:2024-06-06 20	16
hour:2024-06-06 21	8
hour:2024-06-06 22	1
hour:2024-06-06 23	3
hour:2024-06-07 00	1
hour:2024-06-07 01	4
hour:2024-06-07 02	4
hour:2024-06-07 03	1
hour:2024-06-07 04	5
hour:2024-06-07 05	4
hour:2024-06-07 06	9
hour:2024-06-07 07	1
hour:2024-06-07 08	21
hour:2024-06-07 09	17
hour:2024-06-07 10	19
hour:2024-06-07 11	13
hour:2024-06-07 12	12
hour:2024-06-07 13	16
hour:2024-06-07 14	17
hour:2024-06-07 15	16
hour:2024-06-07 16	18
hour:2024-06-07 17	23
hour:2024-06-07 18	18
hour:2024-06-07 19	24
hour:2024-06-07 20	13
hour:2024-06-07 21	6
hour:2024-06-07 22	1
hour:2024-06-07 23	7
hour:2024-06-08 00	3
hour:2024-06-08 01	4
hour:2024-06-08 02	3
hour:2024-06-08 03	4
hour:2024-06-08 04	6
hour:2024-06-08 05	4
hour:2024-06-08 06	1
hour:2024-06-08 07	3
hour:2024-06-08 08	18
hour:2024-06-08 09	14
hour:2024-06-08 10	17
hour:2024-06-08 11	13
hour:2024-06-08 12	16
hour:2024-06-08 13	17
hour:2024-06-08 14	16
hour:2024-06-08 15	19
hour:2024-06-08 16	20
hour:2024-06-08 17	22
hour:2024-06-08 18	15
hour:2024-06-08 19	19
hour:2024-06-08 20	15
hour:2024-06-08 21	3
hour:2024-06-08 22	3
hour:2024-06-08 23	1
hour:2024-06-09 00	3
hour:2024-06-09 01	6
hour:2024-06-09 02	8
hour:2024-06-09 03	5
hour:2024-06-09 04	1
hour:2024-06-09 05	6
hour:2024-06-09 06	7
hour:2024-06-09 07	13
hour:2024-06-09 08	15
hour:2024-06-09 09	13
hour:2024-06-09 10	22
hour:2024-06-09 11	22
hour:2024-06-09 12	24
hour:2024-06-09 13	17
hour:2024-06-09 14	9
hour:2024-06-09 15	15
hour:2024-06-09 16	22
hour:2024-06-09 17	19
hour:2024-06-09 18	17
hour:2024-06-09 19	17
hour:2024-06-09 20	20
hour:2024-06-09 21	5
hour:2024-06-09 22	3
hour:2024-06-09 23	4
hour:2024-06-10 00	3
hour:2024-06-10 01	5
hour:2024-06-10 02	6
hour:2024-06-10 03	6
hour:2024-06-10 04	7
hour:2024-06-10 05	6
hour:2024-06-10 06	7
hour:2024-06-10 07	6
hour:2024-06-10 08	15
hour:2024-06-10 09	16
hour:2024-06-10 10	21
hour:2024-06-10 11	14
hour:2024-06-10 12	13
hour:2024-06-10 13	8
hour:2024-06-10 14	13
hour:2024-06-10 15	18
hour:2024-06-10 16	25
hour:2024-06-10 17	24
hour:2024-06-10 18	12
hour:2024-06-10 19	19
hour:2024-06-10 20	26
hour:2024-06-10 21	3
hour:2024-06-10 22	6
hour:2024-06-10 23	2
hour:2024-06-11 00	7
hour:2024-06-11 01	3
hour:2024-06-11 02	5
hour:2024-06-11 03	2
hour:2024-06-11 04	2
hour:2024-06-11 05	5
hour:2024-06-11 06	5
hour:2024-06-11 07	6
hour:2024-06-11 08	16
hour:2024-06-11 09	19
hour:2024-06-11 10	16
hour:2024-06-11 11	19
hour:2024-06-11 12	19
hour:2024-06-11 13	19
hour:2024-06-11 14	13
hour:2024-06-11 15	25
hour:2024-06-11 16	20
hour:2024-06-11 17	21
hour:2024-06-11 18	23
hour:2024-06-11 19	15
hour:2024-06-11 20	12
hour:2024-06-11 21	5
hour:2024-06-11 22	5
hour:2024-06-11 23	5
hour:2024-06-12 00	2
hour:2024-06-12 01	6
hour:2024-06-12 02	7
hour:2024-06-12 03	5
hour:2024-06-12 04	3
hour:2024-06-12 05	8
hour:2024-06-12 06	4
hour:2024-06-12 07	8
hour:2024-06-12 08	15
hour:2024-06-12 09	16
hour:2024-06-12 10	13
hour:2024-06-12 11	13
hour:2024-06-12 12	6
hour:2024-06-12 13	22
hour:2024-06-12 14	18
hour:2024-06-12 15	20
hour:2024-06-12 16	12
hour:2024-06-12 17	20
hour:2024-06-12 18	14
hour:2024-06-12 19	18
hour:2024-06-12 20	16
hour:2024-06-12 21	3
hour:2024-06-12 22	4
hour:2024-06-12 23	1
hour:2024-06-13 00	7
hour:2024-06-13 01	2
hour:2024-06-13 02	4
hour:2024-06-13 03	6
hour:2024-06-13 04	3
hour:2024-06-13 05	3
hour:2024-06-13 06	3
hour:2024-06-13 07	5
hour:2024-06-13 08	19
hour:2024-06-13 09	15
hour:2024-06-13 10	21
hour:2024-06-13 11	16
hour:2024-06-13 12	25
hour:2024-06-13 13	16
hour:2024-06-13 14	9
hour:2024-06-13 15	10
hour:2024-06-13 16	21
hour:2024-06-13 17	18
hour:2024-06-13 18	8
hour:2024-06-13 19	17
hour:2024-06-13 20	21
hour:2024-06-13 21	2
hour:2024-06-13 22	6
hour:2024-06-13 23	4
hour:2024-06-14 00	4
hour:2024-06-14 01	8
hour:2024-06-14 02	6
hour:2024-06-14 03	4
hour:2024-06-14 04	4
hour:2024-06-14 05	5
hour:2024-06-14 06	2
hour:2024-06-14 07	3
hour:2024-06-14 08	16
hour:2024-06-14 09	22
hour:2024-06-14 10	17
hour:2024-06-14 11	18
hour:2024-06-14 12	18
hour:2024-06-14 13	15
hour:2024-06-14 14	21
hour:2024-06-14 15	24
hour:2024-06-14 16	17
hour:2024-06-14 17	14
hour:2024-06-14 18	15
hour:2024-06-14 19	22
hour:2024-06-14 20	15
hour:2024-06-14 21	6
hour:2024-06-14 22	2
hour:2024-06-14 23	3
hour:2024-06-15 00	7
hour:2024-06-15 01	4
hour:2024-06-15 02	4
hour:2024-06-15 03	7
hour:2024-06-15 04	6
hour:2024-06-15 05	4
hour:2024-06-15 06	1
hour:2024-06-15 07	9
hour:2024-06-15 08	23
hour:2024-06-15 09	17
hour:2024-06-15 10	16
hour:2024-06-15 11	17
hour:2024-06-15 12	25
hour:2024-06-15 13	24
hour:2024-06-15 14	15
hour:2024-06-15 15	11
hour:2024-06-15 16	23
hour:2024-06-15 17	21
hour:2024-06-15 18	11
hour:2024-06-15 19	22
hour:2024-06-15 20	22
hour:2024-06-15 21	5
hour:2024-06-15 22	6
hour:2024-06-15 23	3
hour:2024-06-16 00	2
hour:2024-06-16 01	3
hour:2024-06-16 02	5
hour:2024-06-16 03	4
hour:2024-06-16 04	7
hour:2024-06-16 05	1
hour:2024-06-16 06	4
hour:2024-06-16 07	3
hour:2024-06-16 08	18
hour:2024-06-16 09	14
hour:2024-06-16 10	13
hour:2024-06-16 11	18
hour:2024-06-16 12	17
hour:2024-06-16 13	26
hour:2024-06-16 14	21
hour:2024-06-16 15	12
hour:2024-06-16 16	13
hour:2024-06-16 17	21
hour:2024-06-16 18	20
hour:2024-06-16 19	27
hour:2024-06-16 20	27
hour:2024-06-16 21	7
hour:2024-06-16 22	3
hour:2024-06-16 23	8
hour:2024-06-17 00	9
hour:2024-06-17 01	1
hour:2024-06-17 02	2
hour:2024-06-17 03	5
hour:2024-06-17 04	3
hour:2024-06-17 05	7
hour:2024-06-17 06	1
hour:2024-06-17 07	7
hour:2024-06-17 08	17
hour:2024-06-17 09	16
hour:2024-06-17 10	19
hour:2024-06-17 11	12
hour:2024-06-17 12	9
hour:2024-06-17 13	17
hour:2024-06-17 14	14
hour:2024-06-17 15	16
hour:2024-06-17 16	17
hour:2024-06-17 17	14
hour:2024-06-17 18	22
hour:2024-06-17 19	16
hour:2024-06-17 20	8
hour:2024-06-17 21	8
hour:2024-06-17 22	2
hour:2024-06-17 23	4
hour:2024-06-18 00	7
hour:2024-06-18 01	6
hour:2024-06-18 02	6
hour:2024-06-18 03	3
hour:2024-06-18 04	9
hour:2024-06-18 05	5
hour:2024-06-18 06	4
hour:2024-06-18 07	7
hour:2024-06-18 08	10
hour:2024-06-18 09	17
hour:2024-06-18 10	7
hour:2024-06-18 11	17
hour:2024-06-18 12	22
hour:2024-06-18 13	20
hour:2024-06-18 14	17
hour:2024-06-18 15	19
hour:2024-06-18 16	16
hour:2024-06-18 17	18
hour:2024-06-18 18	14
hour:2024-06-18 19	15
hour:2024-06-18 20	11
hour:2024-06-18 21	5
hour:2024-06-18 22	7
hour:2024-06-18 23	2
hour:2024-06-19 00	3
hour:2024-06-19 01	6
hour:2024-06-19 02	2
hour:2024-06-19 03	9
hour:2024-06-19 04	6
hour:2024-06-19 05	3
hour:2024-06-19 06	5
hour:2024-06-19 07	7
hour:2024-06-19 08	11
hour:2024-06-19 09	15
hour:2024-06-19 10	12
hour:2024-06-19 11	18
hour:2024-06-19 12	22
hour:2024-06-19 13	14
hour:2024-06-19 14	18
hour:2024-06-19 15	20
hour:2024-06-19 16	12
hour:2024-06-19 17	14
hour:2024-06-19 18	19
hour:2024-06-19 19	18
hour:2024-06-19 20	15
hour:2024-06-19 22	3
hour:2024-06-19 23	5
hour:2024-06-20 00	4
hour:2024-06-20 01	4
hour:2024-06-20 02	4
hour:2024-06-20 03	4
hour:2024-06-20 04	4
hour:2024-06-20 05	4
hour:2024-06-20 06	6
hour:2024-06-20 07	5
hour:2024-06-20 08	15
hour:2024-06-20 09	21
hour:2024-06-20 10	16
hour:2024-06-20 11	16
hour:2024-06-20 12	17
hour:2024-06-20 13	18
hour:2024-06-20 14	28
hour:2024-06-20 15	17
hour:2024-06-20 16	21
hour:2024-06-20 17	21
hour:2024-06-20 18	20
hour:2024-06-20 19	16
hour:2024-06-20 20	11
hour:2024-06-20 21	7
hour:2024-06-20 22	3
hour:2024-06-20 23	4
hour:2024-06-21 00	5
hour:2024-06-21 01	1
hour:2024-06-21 02	1
hour:2024-06-21 03	4
hour:2024-06-21 04	5
hour:2024-06-21 05	4
hour:2024-06-21 06	3
hour:2024-06-21 07	7
hour:2024-06-21 08	13
hour:2024-06-21 09	13
hour:2024-06-21 10	17
hour:2024-06-21 11	19
hour:2024-06-21 12	15
hour:2024-06-21 13	16
hour:2024-06-21 14	20
hour:2024-06-21 15	12
hour:2024-06-21 16	11
hour:2024-06-21 17	17
hour:2024-06-21 18	12
hour:2024-06-21 19	29
hour:2024-06-21 20	17
hour:2024-06-21 21	6
hour:2024-06-21 22	3
hour:2024-06-21 23	3
hour:2024-06-22 00	8
hour:2024-06-22 01	3
hour:2024-06-22 02	4
hour:2024-06-22 03	3
hour:2024-06-22 04	4
hour:2024-06-22 05	5
hour:2024-06-22 06	6
hour:2024-06-22 07	4
hour:2024-06-22 08	20
hour:2024-06-22 09	19
hour:2024-06-22 10	15
hour:2024-06-22 11	20
hour:2024-06-22 12	14
hour:2024-06-22 13	17
hour:2024-06-22 14	14
hour:2024-06-22 15	22
hour:2024-06-22 16	14
hour:2024-06-22 17	17
hour:2024-06-22 18	16
hour:2024-06-22 19	27
hour:2024-06-22 20	26
hour:2024-06-22 21	3
hour:2024-06-22 22	5
hour:2024-06-22 23	2
hour:2024-06-23 00	9
hour:2024-06-23 01	5
hour:2024-06-23 02	2
hour:2024-06-23 03	6
hour:2024-06-23 04	5
hour:2024-06-23 05	4
hour:2024-06-23 06	5
hour:2024-06-23 07	5
hour:2024-06-23 08	11
hour:2024-06-23 09	17
hour:2024-06-23 10	16
hour:2024-06-23 11	31
hour:2024-06-23 12	25
hour:2024-06-23 13	17
hour:2024-06-23 14	17
hour:2024-06-23 15	19
hour:2024-06-23 16	16
hour:2024-06-23 17	18
hour:2024-06-23 18	15
hour:2024-06-23 19	24
hour:2024-06-23 20	13
hour:2024-06-23 21	1
hour:2024-06-23 22	2
hour:2024-06-23 23	6
hour:2024-06-24 00	8
hour:2024-06-24 01	6
hour:2024-06-24 02	4
hour:2024-06-24 03	6
hour:2024-06-24 04	6
hour:2024-06-24 05	5
hour:2024-06-24 06	4
hour:2024-06-24 07	3
hour:2024-06-24 08	23
hour:2024-06-24 09	11
hour:2024-06-24 10	21
hour:2024-06-24 11	17
hour:2024-06-24 12	17
hour:2024-06-24 13	21
hour:2024-06-24 14	17
hour:2024-06-24 15	28
hour:2024-06-24 16	11
hour:2024-06-24 17	14
hour:2024-06-24 18	26
hour:2024-06-24 19	20
hour:2024-06-24 20	17
hour:2024-06-24 21	5
hour:2024-06-24 22	4
hour:2024-06-24 23	4
hour:2024-06-25 00	3
hour:2024-06-25 01	5
hour:2024-06-25 02	4
hour:2024-06-25 03	7
hour:2024-06-25 04	4
hour:2024-06-25 05	3
hour:2024-06-25 06	5
hour:2024-06-25 07	4
hour:2024-06-25 08	16
hour:2024-06-25 09	15
hour:2024-06-25 10	15
hour:2024-06-25 11	14
hour:2024-06-25 12	21
hour:2024-06-25 13	21
hour:2024-06-25 14	18
hour:2024-06-25 15	23
hour:2024-06-25 16	15
hour:2024-06-25 17	24
hour:2024-06-25 18	23
hour:2024-06-25 19	14
hour:2024-06-25 20	19
hour:2024-06-25 21	6
hour:2024-06-25 22	6
hour:2024-06-25 23	4
hour:2024-06-26 00	8
hour:2024-06-26 01	11
hour:2024-06-26 02	6
hour:2024-06-26 03	2
hour:2024-06-26 04	3
hour:2024-06-26 05	5
hour:2024-06-26 06	1
hour:2024-06-26 07	4
hour:2024-06-26 08	18
hour:2024-06-26 09	18
hour:2024-06-26 10	20
hour:2024-06-26 11	23
hour:2024-06-26 12	14
hour:2024-06-26 13	17
hour:2024-06-26 14	22
hour:2024-06-26 15	18
hour:2024-06-26 16	19
hour:2024-06-26 17	24
hour:2024-06-26 18	17
hour:2024-06-26 19	13
hour:2024-06-26 20	16
hour:2024-06-26 21	4
hour:2024-06-26 22	7
hour:2024-06-26 23	4
hour:2024-06-27 00	4
hour:2024-06-27 01	5
hour:2024-06-27 02	4
hour:2024-06-27 03	11
hour:2024-06-27 04	6
hour:2024-06-27 05	3
hour:2024-06-27 06	4
hour:2024-06-27 07	3
hour:2024-06-27 08	12
hour:2024-06-27 09	12
hour:2024-06-27 10	12
hour:2024-06-27 11	19
hour:2024-06-27 12	19
hour:2024-06-27 13	18
hour:2024-06-27 14	18
hour:2024-06-27 15	16
hour:2024-06-27 16	12
hour:2024-06-27 17	14
hour:2024-06-27 18	12
hour:2024-06-27 19	14
hour:2024-06-27 20	18
hour:2024-06-27 21	5
hour:2024-06-27 22	5
hour:2024-06-27 23	2
hour:2024-06-28 00	2
hour:2024-06-28 01	3
hour:2024-06-28 02	6
hour:2024-06-28 03	4
hour:2024-06-28 04	7
hour:2024-06-28 05	3
hour:2024-06-28 06	5
hour:2024-06-28 07	5
hour:2024-06-28 08	15
hour:2024-06-28 09	18
hour:2024-06-28 10	15
hour:2024-06-28 11	22
hour:2024-06-28 12	19
hour:2024-06-28 13	21
hour:2024-06-28 14	22
hour:2024-06-28 15	13
hour:2024-06-28 16	23
hour:2024-06-28 17	17
hour:2024-06-28 18	21
hour:2024-06-28 19	24
hour:2024-06-28 20	19
hour:2024-06-28 21	4
hour:2024-06-28 22	6
hour:2024-06-28 23	4
hour:2024-06-29 00	7
hour:2024-06-29 01	1
hour:2024-06-29 02	7
hour:2024-06-29 03	6
hour:2024-06-29 04	5
hour:2024-06-29 05	3
hour:2024-06-29 06	4
hour:2024-06-29 07	5
hour:2024-06-29 08	15
hour:2024-06-29 09	19
hour:2024-06-29 10	15
hour:2024-06-29 11	19
hour:2024-06-29 12	23
hour:2024-06-29 13	20
hour:2024-06-29 14	17
hour:2024-06-29 15	14
hour:2024-06-29 16	13
hour:2024-06-29 17	11
hour:2024-06-29 18	18
hour:2024-06-29 19	18
hour:2024-06-29 20	13
hour:2024-06-29 21	5
hour:2024-06-29 22	2
hour:2024-06-29 23	4
